2026-08-19T17:09:58,865412959-07:00,2026/08/19 17:09:58.886, 48, 33, 26.89, 450.00, 0, 61308
2026-08-19T17:09:59,915801496-07:00,2026/08/19 17:09:59.941, 48, 33, 27.90, 450.00, 0, 61308
2026-08-19T17:10:00,968538234-07:00,2026/08/19 17:10:01.002, 48, 33, 27.28, 450.00, 0, 61308
2026-08-19T17:10:02,029274682-07:00,2026/08/19 17:10:02.058, 48, 33, 26.65, 450.00, 0, 61308
2026-08-19T17:10:03,086489724-07:00,2026/08/19 17:10:03.111, 48, 33, 27.68, 450.00, 0, 61308
2026-08-19T17:10:04,132912434-07:00,2026/08/19 17:10:04.150, 48, 33, 32.93, 450.00, 0, 61308
2026-08-19T17:10:05,175349977-07:00,2026/08/19 17:10:05.188, 60, 33, 357.78, 450.00, 100, 61350
2026-08-19T17:10:06,200062261-07:00,2026/08/19 17:10:06.215, 60, 33, 444.87, 450.00, 100, 61350
2026-08-19T17:10:07,226567232-07:00,2026/08/19 17:10:07.240, 61, 33, 449.64, 450.00, 100, 61350
2026-08-19T17:10:08,250839767-07:00,2026/08/19 17:10:08.262, 62, 33, 449.48, 450.00, 100, 61350
2026-08-19T17:10:09,272980714-07:00,2026/08/19 17:10:09.285, 63, 34, 448.55, 450.00, 81, 61350
2026-08-19T17:10:10,295763905-07:00,2026/08/19 17:10:10.309, 63, 34, 450.28, 450.00, 100, 61350
2026-08-19T17:10:11,319383669-07:00,2026/08/19 17:10:11.333, 62, 35, 443.42, 450.00, 100, 61350
2026-08-19T17:10:12,344442637-07:00,2026/08/19 17:10:12.359, 62, 35, 447.64, 450.00, 81, 61350
2026-08-19T17:10:13,369448625-07:00,2026/08/19 17:10:13.384, 64, 36, 450.82, 450.00, 100, 61350
2026-08-19T17:10:14,395423934-07:00,2026/08/19 17:10:14.410, 66, 36, 440.07, 450.00, 100, 61350
2026-08-19T17:10:15,420766886-07:00,2026/08/19 17:10:15.432, 64, 37, 449.23, 450.00, 100, 61350
2026-08-19T17:10:16,442949712-07:00,2026/08/19 17:10:16.457, 65, 37, 450.49, 450.00, 100, 61350
2026-08-19T17:10:17,468989123-07:00,2026/08/19 17:10:17.482, 65, 37, 443.10, 450.00, 100, 61350
2026-08-19T17:10:18,491944893-07:00,2026/08/19 17:10:18.506, 65, 38, 450.03, 450.00, 100, 61350
2026-08-19T17:10:19,517408696-07:00,2026/08/19 17:10:19.532, 65, 38, 452.03, 450.00, 100, 61350
2026-08-19T17:10:20,544233190-07:00,2026/08/19 17:10:20.558, 65, 38, 449.74, 450.00, 100, 61350
2026-08-19T17:10:21,570499810-07:00,2026/08/19 17:10:21.585, 66, 38, 449.67, 450.00, 100, 61350
2026-08-19T17:10:22,596375641-07:00,2026/08/19 17:10:22.609, 66, 38, 449.73, 450.00, 100, 61350
2026-08-19T17:10:23,619738070-07:00,2026/08/19 17:10:23.632, 66, 38, 449.57, 450.00, 100, 61350
2026-08-19T17:10:24,643982344-07:00,2026/08/19 17:10:24.658, 66, 38, 450.45, 450.00, 100, 61350
2026-08-19T17:10:25,669637790-07:00,2026/08/19 17:10:25.683, 67, 39, 449.27, 450.00, 100, 61350
2026-08-19T17:10:26,694931280-07:00,2026/08/19 17:10:26.709, 69, 39, 449.99, 450.00, 95, 61350
2026-08-19T17:10:27,720455316-07:00,2026/08/19 17:10:27.734, 66, 39, 449.54, 450.00, 85, 61350
2026-08-19T17:10:28,748227700-07:00,2026/08/19 17:10:28.763, 68, 39, 446.53, 450.00, 100, 61350
2026-08-19T17:10:29,773938907-07:00,2026/08/19 17:10:29.786, 68, 39, 449.94, 450.00, 100, 61350
2026-08-19T17:10:30,797371913-07:00,2026/08/19 17:10:30.811, 68, 39, 449.45, 450.00, 100, 61350
2026-08-19T17:10:31,823892115-07:00,2026/08/19 17:10:31.837, 69, 40, 449.84, 450.00, 100, 61350
2026-08-19T17:10:32,846798989-07:00,2026/08/19 17:10:32.861, 69, 40, 448.30, 450.00, 100, 61350
2026-08-19T17:10:33,873113626-07:00,2026/08/19 17:10:33.887, 69, 40, 449.28, 450.00, 100, 61350
2026-08-19T17:10:34,899565693-07:00,2026/08/19 17:10:34.912, 66, 40, 449.83, 450.00, 85, 61350
2026-08-19T17:10:35,924839884-07:00,2026/08/19 17:10:35.937, 69, 40, 442.11, 450.00, 100, 61350
2026-08-19T17:10:36,949214082-07:00,2026/08/19 17:10:36.964, 70, 40, 449.35, 450.00, 100, 61350
2026-08-19T17:10:37,975394692-07:00,2026/08/19 17:10:37.988, 70, 40, 449.74, 450.00, 100, 61350
2026-08-19T17:10:38,999147910-07:00,2026/08/19 17:10:39.013, 70, 41, 449.65, 450.00, 100, 61350
2026-08-19T17:10:40,024663740-07:00,2026/08/19 17:10:40.039, 70, 41, 449.41, 450.00, 100, 61350
2026-08-19T17:10:41,050596418-07:00,2026/08/19 17:10:41.066, 70, 41, 442.29, 450.00, 100, 61350
2026-08-19T17:10:42,077602083-07:00,2026/08/19 17:10:42.091, 70, 41, 456.71, 450.00, 100, 61350
2026-08-19T17:10:43,103546239-07:00,2026/08/19 17:10:43.118, 71, 41, 449.04, 450.00, 100, 61350
2026-08-19T17:10:44,129269856-07:00,2026/08/19 17:10:44.144, 71, 41, 450.29, 450.00, 100, 61352
2026-08-19T17:10:45,158060642-07:00,2026/08/19 17:10:45.171, 71, 41, 381.76, 450.00, 93, 61352
2026-08-19T17:10:46,185748507-07:00,2026/08/19 17:10:46.201, 70, 41, 453.75, 450.00, 92, 61352
2026-08-19T17:10:47,215402522-07:00,2026/08/19 17:10:47.230, 70, 42, 450.23, 450.00, 95, 61352
2026-08-19T17:10:48,245023085-07:00,2026/08/19 17:10:48.260, 70, 42, 449.71, 450.00, 95, 61352
2026-08-19T17:10:49,275982422-07:00,2026/08/19 17:10:49.290, 70, 42, 450.01, 450.00, 96, 61352
2026-08-19T17:10:50,305936570-07:00,2026/08/19 17:10:50.320, 70, 42, 450.14, 450.00, 96, 61352
2026-08-19T17:10:51,335104438-07:00,2026/08/19 17:10:51.350, 70, 42, 449.49, 450.00, 95, 61352
2026-08-19T17:10:52,366727793-07:00,2026/08/19 17:10:52.380, 71, 42, 450.08, 450.00, 95, 61352
2026-08-19T17:10:53,395095896-07:00,2026/08/19 17:10:53.410, 71, 42, 450.32, 450.00, 95, 61352
2026-08-19T17:10:54,424410449-07:00,2026/08/19 17:10:54.438, 71, 42, 449.93, 450.00, 95, 61352
2026-08-19T17:10:55,453164131-07:00,2026/08/19 17:10:55.468, 71, 42, 449.88, 450.00, 95, 61352
2026-08-19T17:10:56,479866957-07:00,2026/08/19 17:10:56.495, 71, 42, 450.07, 450.00, 96, 61352
2026-08-19T17:10:57,510086297-07:00,2026/08/19 17:10:57.525, 71, 42, 449.32, 450.00, 96, 61352
2026-08-19T17:10:58,540096546-07:00,2026/08/19 17:10:58.555, 72, 42, 450.70, 450.00, 94, 61352
2026-08-19T17:10:59,573173568-07:00,2026/08/19 17:10:59.588, 72, 42, 450.71, 450.00, 95, 61352
2026-08-19T17:11:00,602773009-07:00,2026/08/19 17:11:00.615, 72, 42, 449.87, 450.00, 94, 61352
2026-08-19T17:11:01,630874148-07:00,2026/08/19 17:11:01.645, 72, 42, 450.23, 450.00, 95, 61352
2026-08-19T17:11:02,659937039-07:00,2026/08/19 17:11:02.675, 72, 42, 449.88, 450.00, 95, 61352
2026-08-19T17:11:03,693331640-07:00,2026/08/19 17:11:03.706, 73, 42, 449.82, 450.00, 94, 61352
2026-08-19T17:11:04,718950249-07:00,2026/08/19 17:11:04.731, 72, 43, 450.37, 450.00, 94, 61352
2026-08-19T17:11:05,747267639-07:00,2026/08/19 17:11:05.762, 73, 43, 450.04, 450.00, 94, 61352
2026-08-19T17:11:06,777095759-07:00,2026/08/19 17:11:06.792, 73, 43, 449.62, 450.00, 93, 61352
2026-08-19T17:11:07,805002355-07:00,2026/08/19 17:11:07.819, 73, 43, 449.71, 450.00, 95, 61352
2026-08-19T17:11:08,836367221-07:00,2026/08/19 17:11:08.851, 73, 43, 450.42, 450.00, 95, 61352
2026-08-19T17:11:09,867115781-07:00,2026/08/19 17:11:09.884, 73, 43, 449.84, 450.00, 95, 61352
2026-08-19T17:11:10,898804085-07:00,2026/08/19 17:11:10.910, 73, 43, 390.29, 450.00, 93, 61352
2026-08-19T17:11:11,919444113-07:00,2026/08/19 17:11:11.935, 74, 43, 457.35, 450.00, 99, 61352
2026-08-19T17:11:12,945657861-07:00,2026/08/19 17:11:12.962, 76, 44, 387.07, 450.00, 100, 61352
2026-08-19T17:11:13,974970111-07:00,2026/08/19 17:11:13.989, 74, 44, 443.71, 450.00, 95, 61352
2026-08-19T17:11:15,003314148-07:00,2026/08/19 17:11:15.016, 74, 44, 449.94, 450.00, 93, 61352
2026-08-19T17:11:16,030648092-07:00,2026/08/19 17:11:16.044, 74, 44, 449.51, 450.00, 94, 61352
2026-08-19T17:11:17,058844466-07:00,2026/08/19 17:11:17.072, 74, 44, 450.62, 450.00, 92, 61352
2026-08-19T17:11:18,087907130-07:00,2026/08/19 17:11:18.102, 74, 44, 450.15, 450.00, 94, 61352
2026-08-19T17:11:19,118504873-07:00,2026/08/19 17:11:19.132, 74, 44, 448.87, 450.00, 95, 61352
2026-08-19T17:11:20,148046610-07:00,2026/08/19 17:11:20.164, 69, 44, 272.30, 450.00, 0, 61352
2026-08-19T17:11:21,178074105-07:00,2026/08/19 17:11:21.192, 74, 44, 457.26, 450.00, 96, 61352
2026-08-19T17:11:22,207667629-07:00,2026/08/19 17:11:22.222, 74, 44, 449.93, 450.00, 96, 61352
2026-08-19T17:11:23,238899407-07:00,2026/08/19 17:11:23.258, 74, 44, 427.22, 450.00, 93, 61352
2026-08-19T17:11:24,269189236-07:00,2026/08/19 17:11:24.283, 75, 44, 392.42, 450.00, 99, 61354
2026-08-19T17:11:25,292425522-07:00,2026/08/19 17:11:25.305, 75, 44, 389.96, 450.00, 93, 61354
2026-08-19T17:11:26,319829384-07:00,2026/08/19 17:11:26.335, 74, 44, 450.09, 450.00, 96, 61354
2026-08-19T17:11:27,348961507-07:00,2026/08/19 17:11:27.364, 74, 44, 449.97, 450.00, 96, 61354
2026-08-19T17:11:28,379619414-07:00,2026/08/19 17:11:28.392, 75, 44, 449.92, 450.00, 94, 61354
2026-08-19T17:11:29,407536619-07:00,2026/08/19 17:11:29.421, 74, 44, 449.77, 450.00, 95, 61354
2026-08-19T17:11:30,437802983-07:00,2026/08/19 17:11:30.457, 75, 44, 450.37, 450.00, 94, 61354
2026-08-19T17:11:31,467721250-07:00,2026/08/19 17:11:31.480, 69, 45, 186.55, 450.00, 0, 61354
2026-08-19T17:11:32,490723947-07:00,2026/08/19 17:11:32.505, 75, 45, 419.36, 450.00, 94, 61354
2026-08-19T17:11:33,520986179-07:00,2026/08/19 17:11:33.536, 75, 45, 450.48, 450.00, 95, 61354
2026-08-19T17:11:34,550759389-07:00,2026/08/19 17:11:34.566, 75, 45, 449.08, 450.00, 93, 61354
2026-08-19T17:11:35,577750062-07:00,2026/08/19 17:11:35.590, 75, 45, 450.44, 450.00, 95, 61354
2026-08-19T17:11:36,604785920-07:00,2026/08/19 17:11:36.619, 75, 45, 447.20, 450.00, 95, 61354
2026-08-19T17:11:37,633354579-07:00,2026/08/19 17:11:37.648, 75, 45, 453.04, 450.00, 93, 61354
2026-08-19T17:11:38,663187310-07:00,2026/08/19 17:11:38.678, 78, 45, 397.74, 450.00, 100, 61354
2026-08-19T17:11:39,690535627-07:00,2026/08/19 17:11:39.702, 77, 45, 449.14, 450.00, 100, 61354
2026-08-19T17:11:40,712640415-07:00,2026/08/19 17:11:40.725, 71, 45, 366.54, 450.00, 20, 61354
2026-08-19T17:11:41,743554949-07:00,2026/08/19 17:11:41.758, 75, 45, 460.89, 450.00, 94, 61354
2026-08-19T17:11:42,772753728-07:00,2026/08/19 17:11:42.787, 75, 45, 450.48, 450.00, 95, 61354
2026-08-19T17:11:43,800613705-07:00,2026/08/19 17:11:43.816, 76, 45, 450.89, 450.00, 95, 61354
2026-08-19T17:11:44,831263627-07:00,2026/08/19 17:11:44.843, 76, 45, 450.04, 450.00, 93, 61354
2026-08-19T17:11:45,859429392-07:00,2026/08/19 17:11:45.874, 76, 45, 449.97, 450.00, 93, 61354
2026-08-19T17:11:46,890723394-07:00,2026/08/19 17:11:46.904, 76, 45, 450.08, 450.00, 95, 61354
2026-08-19T17:11:47,920152582-07:00,2026/08/19 17:11:47.933, 76, 45, 449.78, 450.00, 93, 61354
2026-08-19T17:11:48,946785485-07:00,2026/08/19 17:11:48.959, 76, 45, 450.05, 450.00, 95, 61354
2026-08-19T17:11:49,974004086-07:00,2026/08/19 17:11:49.988, 76, 45, 449.69, 450.00, 94, 61354
2026-08-19T17:11:51,003235261-07:00,2026/08/19 17:11:51.017, 76, 45, 392.47, 450.00, 94, 61354
2026-08-19T17:11:52,028614985-07:00,2026/08/19 17:11:52.042, 72, 45, 425.14, 450.00, 22, 61354
2026-08-19T17:11:53,054633600-07:00,2026/08/19 17:11:53.068, 76, 45, 412.97, 450.00, 94, 61354
2026-08-19T17:11:54,083455274-07:00,2026/08/19 17:11:54.098, 76, 45, 449.92, 450.00, 95, 61354
2026-08-19T17:11:55,113069339-07:00,2026/08/19 17:11:55.125, 76, 45, 449.88, 450.00, 94, 61354
2026-08-19T17:11:56,140789579-07:00,2026/08/19 17:11:56.155, 76, 45, 450.23, 450.00, 94, 61354
2026-08-19T17:11:57,170179876-07:00,2026/08/19 17:11:57.184, 76, 45, 449.62, 450.00, 93, 61354
2026-08-19T17:11:58,200927146-07:00,2026/08/19 17:11:58.214, 76, 45, 449.81, 450.00, 95, 61354
2026-08-19T17:11:59,229680667-07:00,2026/08/19 17:11:59.242, 76, 45, 450.06, 450.00, 95, 61354
2026-08-19T17:12:00,257085606-07:00,2026/08/19 17:12:00.271, 77, 46, 450.00, 450.00, 94, 61354
2026-08-19T17:12:01,286359189-07:00,2026/08/19 17:12:01.299, 73, 46, 384.00, 450.00, 29, 61354
2026-08-19T17:12:02,312314080-07:00,2026/08/19 17:12:02.325, 72, 46, 367.99, 450.00, 15, 61354
2026-08-19T17:12:03,341477264-07:00,2026/08/19 17:12:03.356, 77, 46, 464.08, 450.00, 93, 61354
2026-08-19T17:12:04,372351950-07:00,2026/08/19 17:12:04.387, 77, 46, 450.40, 450.00, 94, 61354
2026-08-19T17:12:05,401989309-07:00,2026/08/19 17:12:05.417, 77, 46, 450.57, 450.00, 96, 61354
2026-08-19T17:12:06,429819228-07:00,2026/08/19 17:12:06.444, 77, 46, 448.80, 450.00, 96, 61354
2026-08-19T17:12:07,460269047-07:00,2026/08/19 17:12:07.474, 77, 46, 451.15, 450.00, 94, 61354
2026-08-19T17:12:08,488816034-07:00,2026/08/19 17:12:08.503, 77, 46, 449.57, 450.00, 95, 61354
2026-08-19T17:12:09,516993741-07:00,2026/08/19 17:12:09.530, 77, 46, 450.37, 450.00, 95, 61354
2026-08-19T17:12:10,544387177-07:00,2026/08/19 17:12:10.558, 77, 46, 450.20, 450.00, 94, 61354
2026-08-19T17:12:11,572519915-07:00,2026/08/19 17:12:11.587, 77, 46, 450.17, 450.00, 95, 61354
2026-08-19T17:12:12,602750123-07:00,2026/08/19 17:12:12.617, 77, 46, 450.33, 450.00, 96, 61354
2026-08-19T17:12:13,631533598-07:00,2026/08/19 17:12:13.646, 77, 46, 450.00, 450.00, 91, 61354
2026-08-19T17:12:14,660102338-07:00,2026/08/19 17:12:14.673, 77, 46, 449.73, 450.00, 95, 61354
2026-08-19T17:12:15,686501989-07:00,2026/08/19 17:12:15.701, 77, 46, 450.42, 450.00, 95, 61354
2026-08-19T17:12:16,716365852-07:00,2026/08/19 17:12:16.731, 77, 46, 450.06, 450.00, 95, 61354
2026-08-19T17:12:17,746623225-07:00,2026/08/19 17:12:17.760, 78, 46, 367.92, 450.00, 94, 61354
2026-08-19T17:12:18,769816385-07:00,2026/08/19 17:12:18.784, 78, 46, 417.97, 450.00, 94, 61354
2026-08-19T17:12:19,799234872-07:00,2026/08/19 17:12:19.812, 78, 46, 450.74, 450.00, 96, 61354
2026-08-19T17:12:20,828152937-07:00,2026/08/19 17:12:20.842, 78, 46, 449.62, 450.00, 93, 61354
2026-08-19T17:12:21,857383890-07:00,2026/08/19 17:12:21.871, 78, 46, 450.54, 450.00, 95, 61354
2026-08-19T17:12:22,886547510-07:00,2026/08/19 17:12:22.900, 78, 46, 450.40, 450.00, 95, 61354
2026-08-19T17:12:23,916343054-07:00,2026/08/19 17:12:23.931, 78, 46, 450.00, 450.00, 94, 61354
2026-08-19T17:12:24,947131696-07:00,2026/08/19 17:12:24.962, 78, 46, 449.88, 450.00, 93, 61354
2026-08-19T17:12:25,976387702-07:00,2026/08/19 17:12:25.990, 78, 46, 450.13, 450.00, 94, 61354
2026-08-19T17:12:27,003635223-07:00,2026/08/19 17:12:27.018, 78, 46, 449.86, 450.00, 94, 61354
2026-08-19T17:12:28,032916602-07:00,2026/08/19 17:12:28.046, 72, 47, 176.93, 450.00, 0, 61354
2026-08-19T17:12:29,055469702-07:00,2026/08/19 17:12:29.069, 72, 47, 156.02, 450.00, 74, 61354
2026-08-19T17:12:30,082198164-07:00,2026/08/19 17:12:30.096, 78, 47, 458.85, 450.00, 95, 61354
2026-08-19T17:12:31,108799665-07:00,2026/08/19 17:12:31.121, 72, 47, 252.79, 450.00, 10, 61354
2026-08-19T17:12:32,133845493-07:00,2026/08/19 17:12:32.148, 80, 47, 362.17, 450.00, 100, 61354
2026-08-19T17:12:33,162080847-07:00,2026/08/19 17:12:33.177, 77, 47, 462.60, 450.00, 94, 61354
2026-08-19T17:12:34,191708274-07:00,2026/08/19 17:12:34.206, 77, 47, 450.69, 450.00, 95, 61354
2026-08-19T17:12:35,220899169-07:00,2026/08/19 17:12:35.235, 77, 46, 450.02, 450.00, 95, 61354
2026-08-19T17:12:36,248630747-07:00,2026/08/19 17:12:36.261, 77, 47, 449.87, 450.00, 94, 61354
2026-08-19T17:12:37,276377300-07:00,2026/08/19 17:12:37.291, 77, 46, 450.10, 450.00, 95, 61354
2026-08-19T17:12:38,307135980-07:00,2026/08/19 17:12:38.320, 77, 47, 449.98, 450.00, 95, 61354
2026-08-19T17:12:39,329869745-07:00,2026/08/19 17:12:39.343, 79, 47, 315.83, 450.00, 100, 61354
2026-08-19T17:12:40,358652695-07:00,2026/08/19 17:12:40.372, 77, 47, 439.99, 450.00, 94, 61354
2026-08-19T17:12:41,386942035-07:00,2026/08/19 17:12:41.401, 78, 47, 450.21, 450.00, 90, 61354
2026-08-19T17:12:42,414469119-07:00,2026/08/19 17:12:42.429, 77, 47, 450.11, 450.00, 94, 61354
2026-08-19T17:12:43,444568686-07:00,2026/08/19 17:12:43.456, 78, 47, 285.83, 450.00, 86, 61354
2026-08-19T17:12:44,469255854-07:00,2026/08/19 17:12:44.484, 77, 47, 453.43, 450.00, 94, 61354
2026-08-19T17:12:45,499029495-07:00,2026/08/19 17:12:45.513, 78, 47, 449.40, 450.00, 95, 61354
2026-08-19T17:12:46,528613975-07:00,2026/08/19 17:12:46.541, 72, 47, 305.88, 450.00, 9, 61354
2026-08-19T17:12:47,550034086-07:00,2026/08/19 17:12:47.563, 77, 47, 413.97, 450.00, 95, 61354
2026-08-19T17:12:48,575389113-07:00,2026/08/19 17:12:48.587, 77, 47, 448.90, 450.00, 94, 61354
2026-08-19T17:12:49,602191900-07:00,2026/08/19 17:12:49.614, 78, 47, 450.46, 450.00, 95, 61354
2026-08-19T17:12:50,629078987-07:00,2026/08/19 17:12:50.644, 78, 47, 449.79, 450.00, 95, 61354
2026-08-19T17:12:51,659736552-07:00,2026/08/19 17:12:51.675, 78, 47, 449.84, 450.00, 94, 61354
2026-08-19T17:12:52,689862374-07:00,2026/08/19 17:12:52.703, 73, 47, 384.24, 450.00, 0, 61354
2026-08-19T17:12:53,712507215-07:00,2026/08/19 17:12:53.727, 77, 47, 340.41, 450.00, 94, 61356
2026-08-19T17:12:54,740593348-07:00,2026/08/19 17:12:54.753, 78, 47, 450.17, 450.00, 94, 61356
2026-08-19T17:12:55,767968188-07:00,2026/08/19 17:12:55.783, 78, 47, 450.51, 450.00, 95, 61356
2026-08-19T17:12:56,798931901-07:00,2026/08/19 17:12:56.814, 79, 47, 303.38, 450.00, 19, 61356
2026-08-19T17:12:57,823118864-07:00,2026/08/19 17:12:57.837, 77, 47, 418.72, 450.00, 95, 61356
2026-08-19T17:12:58,852199662-07:00,2026/08/19 17:12:58.865, 78, 47, 395.92, 450.00, 95, 61356
2026-08-19T17:12:59,873499024-07:00,2026/08/19 17:12:59.886, 77, 47, 368.42, 450.00, 94, 61356
2026-08-19T17:13:00,898962209-07:00,2026/08/19 17:13:00.912, 78, 47, 450.23, 450.00, 95, 61356
2026-08-19T17:13:01,924948662-07:00,2026/08/19 17:13:01.939, 72, 47, 267.41, 450.00, 28, 61356
2026-08-19T17:13:02,952694766-07:00,2026/08/19 17:13:02.967, 77, 47, 442.22, 450.00, 94, 61356
2026-08-19T17:13:03,981858511-07:00,2026/08/19 17:13:03.995, 78, 47, 449.97, 450.00, 94, 61356
2026-08-19T17:13:05,011096684-07:00,2026/08/19 17:13:05.024, 78, 47, 449.89, 450.00, 95, 61356
2026-08-19T17:13:06,039044604-07:00,2026/08/19 17:13:06.054, 78, 47, 450.32, 450.00, 92, 61356
2026-08-19T17:13:07,069021250-07:00,2026/08/19 17:13:07.081, 78, 47, 450.21, 450.00, 95, 61356
2026-08-19T17:13:08,090481858-07:00,2026/08/19 17:13:08.105, 78, 47, 288.77, 450.00, 91, 61356
2026-08-19T17:13:09,121691324-07:00,2026/08/19 17:13:09.135, 77, 47, 467.90, 450.00, 95, 61356
2026-08-19T17:13:10,150334944-07:00,2026/08/19 17:13:10.162, 78, 47, 274.43, 450.00, 7, 61356
2026-08-19T17:13:11,175037473-07:00,2026/08/19 17:13:11.188, 77, 47, 461.84, 450.00, 95, 61356
2026-08-19T17:13:12,202967851-07:00,2026/08/19 17:13:12.218, 78, 47, 450.13, 450.00, 94, 61356
2026-08-19T17:13:13,230896337-07:00,2026/08/19 17:13:13.243, 74, 47, 420.20, 450.00, 94, 61356
2026-08-19T17:13:14,251324535-07:00,2026/08/19 17:13:14.266, 78, 47, 296.11, 450.00, 94, 61356
2026-08-19T17:13:15,281395608-07:00,2026/08/19 17:13:15.296, 78, 47, 450.44, 450.00, 95, 61356
2026-08-19T17:13:16,310014691-07:00,2026/08/19 17:13:16.325, 73, 47, 272.70, 450.00, 33, 61356
2026-08-19T17:13:17,340958337-07:00,2026/08/19 17:13:17.355, 77, 47, 461.99, 450.00, 94, 61356
2026-08-19T17:13:18,371138341-07:00,2026/08/19 17:13:18.384, 78, 47, 449.87, 450.00, 95, 61356
2026-08-19T17:13:19,400045206-07:00,2026/08/19 17:13:19.413, 78, 47, 449.91, 450.00, 96, 61356
2026-08-19T17:13:20,427988331-07:00,2026/08/19 17:13:20.443, 78, 47, 449.92, 450.00, 95, 61356
2026-08-19T17:13:21,459357874-07:00,2026/08/19 17:13:21.475, 73, 47, 333.55, 450.00, 0, 61356
2026-08-19T17:13:22,487787564-07:00,2026/08/19 17:13:22.501, 78, 47, 399.63, 450.00, 94, 61356
2026-08-19T17:13:23,517565553-07:00,2026/08/19 17:13:23.532, 78, 47, 449.97, 450.00, 94, 61356
2026-08-19T17:13:24,547533351-07:00,2026/08/19 17:13:24.562, 78, 47, 449.80, 450.00, 95, 61356
2026-08-19T17:13:25,577134810-07:00,2026/08/19 17:13:25.592, 74, 47, 316.11, 450.00, 61, 61356
2026-08-19T17:13:26,607698988-07:00,2026/08/19 17:13:26.622, 77, 47, 430.48, 450.00, 9, 61356
2026-08-19T17:13:27,636619433-07:00,2026/08/19 17:13:27.649, 78, 47, 450.69, 450.00, 93, 61356
2026-08-19T17:13:28,665302048-07:00,2026/08/19 17:13:28.679, 78, 47, 449.67, 450.00, 94, 61356
2026-08-19T17:13:29,693907001-07:00,2026/08/19 17:13:29.706, 73, 47, 296.61, 450.00, 62, 61356
2026-08-19T17:13:30,719574758-07:00,2026/08/19 17:13:30.734, 78, 47, 450.55, 450.00, 95, 61356
2026-08-19T17:13:31,743217654-07:00,2026/08/19 17:13:31.758, 78, 47, 268.24, 450.00, 91, 61356
2026-08-19T17:13:32,773501575-07:00,2026/08/19 17:13:32.788, 78, 47, 453.48, 450.00, 96, 61356
2026-08-19T17:13:33,803792700-07:00,2026/08/19 17:13:33.819, 76, 47, 329.59, 450.00, 53, 61356
2026-08-19T17:13:34,828983440-07:00,2026/08/19 17:13:34.843, 77, 47, 409.26, 450.00, 94, 61356
2026-08-19T17:13:35,860628716-07:00,2026/08/19 17:13:35.875, 78, 47, 450.08, 450.00, 94, 61356
2026-08-19T17:13:36,888366860-07:00,2026/08/19 17:13:36.903, 78, 47, 448.16, 450.00, 95, 61356
2026-08-19T17:13:37,916903773-07:00,2026/08/19 17:13:37.929, 78, 47, 452.14, 450.00, 95, 61356
2026-08-19T17:13:38,942472539-07:00,2026/08/19 17:13:38.957, 78, 47, 449.93, 450.00, 96, 61356
2026-08-19T17:13:39,972365057-07:00,2026/08/19 17:13:39.987, 78, 47, 450.39, 450.00, 92, 61356
2026-08-19T17:13:40,999826166-07:00,2026/08/19 17:13:41.013, 78, 47, 449.49, 450.00, 94, 61356
2026-08-19T17:13:42,028474805-07:00,2026/08/19 17:13:42.043, 78, 47, 449.97, 450.00, 94, 61356
2026-08-19T17:13:43,056472531-07:00,2026/08/19 17:13:43.068, 78, 47, 450.27, 450.00, 92, 61356
2026-08-19T17:13:44,083820974-07:00,2026/08/19 17:13:44.098, 79, 47, 449.77, 450.00, 94, 61356
2026-08-19T17:13:45,112363233-07:00,2026/08/19 17:13:45.126, 79, 47, 450.49, 450.00, 95, 61356
2026-08-19T17:13:46,141303123-07:00,2026/08/19 17:13:46.156, 78, 47, 449.87, 450.00, 91, 61356
2026-08-19T17:13:47,171769560-07:00,2026/08/19 17:13:47.186, 79, 47, 449.54, 450.00, 94, 61356
2026-08-19T17:13:48,203440999-07:00,2026/08/19 17:13:48.216, 79, 47, 450.39, 450.00, 96, 61356
2026-08-19T17:13:49,229635926-07:00,2026/08/19 17:13:49.245, 79, 47, 450.04, 450.00, 95, 61356
2026-08-19T17:13:50,259185802-07:00,2026/08/19 17:13:50.274, 79, 47, 449.86, 450.00, 96, 61356
2026-08-19T17:13:51,287504103-07:00,2026/08/19 17:13:51.302, 79, 47, 450.20, 450.00, 95, 61356
2026-08-19T17:13:52,316864497-07:00,2026/08/19 17:13:52.329, 79, 47, 450.23, 450.00, 96, 61356
2026-08-19T17:13:53,342893933-07:00,2026/08/19 17:13:53.358, 79, 47, 449.86, 450.00, 95, 61356
2026-08-19T17:13:54,372418997-07:00,2026/08/19 17:13:54.386, 79, 47, 450.07, 450.00, 96, 61356
2026-08-19T17:13:55,401849733-07:00,2026/08/19 17:13:55.414, 79, 47, 450.15, 450.00, 95, 61356
2026-08-19T17:13:56,428760752-07:00,2026/08/19 17:13:56.443, 79, 47, 449.83, 450.00, 96, 61356
2026-08-19T17:13:57,460328432-07:00,2026/08/19 17:13:57.475, 79, 47, 450.06, 450.00, 95, 61356
2026-08-19T17:13:58,489417699-07:00,2026/08/19 17:13:58.504, 79, 47, 450.27, 450.00, 95, 61356
2026-08-19T17:13:59,519106454-07:00,2026/08/19 17:13:59.532, 79, 47, 449.91, 450.00, 95, 61356
2026-08-19T17:14:00,546755062-07:00,2026/08/19 17:14:00.561, 79, 47, 450.35, 450.00, 95, 61356
2026-08-19T17:14:01,574778501-07:00,2026/08/19 17:14:01.589, 79, 48, 449.47, 450.00, 95, 61356
2026-08-19T17:14:02,603820418-07:00,2026/08/19 17:14:02.618, 79, 48, 450.17, 450.00, 95, 61356
2026-08-19T17:14:03,632297699-07:00,2026/08/19 17:14:03.646, 79, 48, 449.57, 450.00, 95, 61356
2026-08-19T17:14:04,659889176-07:00,2026/08/19 17:14:04.672, 79, 48, 450.40, 450.00, 95, 61356
2026-08-19T17:14:05,687369010-07:00,2026/08/19 17:14:05.699, 74, 48, 282.30, 450.00, 9, 61356
2026-08-19T17:14:06,707967423-07:00,2026/08/19 17:14:06.722, 79, 48, 440.77, 450.00, 94, 61356
2026-08-19T17:14:07,735906857-07:00,2026/08/19 17:14:07.761, 75, 48, 411.81, 450.00, 0, 61356
2026-08-19T17:14:08,772069870-07:00,2026/08/19 17:14:08.786, 77, 48, 303.04, 450.00, 56, 61356
2026-08-19T17:14:09,801227116-07:00,2026/08/19 17:14:09.814, 79, 48, 464.48, 450.00, 95, 61356
2026-08-19T17:14:10,829575615-07:00,2026/08/19 17:14:10.848, 74, 48, 316.61, 450.00, 0, 61356
2026-08-19T17:14:11,862170470-07:00,2026/08/19 17:14:11.881, 73, 48, 174.39, 450.00, 0, 61356
2026-08-19T17:14:12,891671359-07:00,2026/08/19 17:14:12.906, 79, 48, 236.04, 450.00, 93, 61358
2026-08-19T17:14:13,923309894-07:00,2026/08/19 17:14:13.943, 75, 48, 381.03, 450.00, 42, 61358
2026-08-19T17:14:14,954495627-07:00,2026/08/19 17:14:14.973, 72, 48, 135.68, 450.00, 0, 61358
2026-08-19T17:14:15,989272437-07:00,2026/08/19 17:14:16.003, 72, 48, 126.71, 450.00, 0, 61358
2026-08-19T17:14:17,012582217-07:00,2026/08/19 17:14:17.025, 72, 48, 256.80, 450.00, 35, 61358
2026-08-19T17:14:18,040366638-07:00,2026/08/19 17:14:18.054, 77, 48, 452.52, 450.00, 94, 61358
2026-08-19T17:14:19,070273235-07:00,2026/08/19 17:14:19.085, 78, 48, 449.52, 450.00, 94, 61358
2026-08-19T17:14:20,101815381-07:00,2026/08/19 17:14:20.115, 78, 47, 450.12, 450.00, 94, 61358
2026-08-19T17:14:21,128806279-07:00,2026/08/19 17:14:21.143, 78, 48, 450.04, 450.00, 92, 61358
2026-08-19T17:14:22,157347274-07:00,2026/08/19 17:14:22.171, 79, 48, 363.67, 450.00, 100, 61358
2026-08-19T17:14:23,181896682-07:00,2026/08/19 17:14:23.196, 75, 48, 396.04, 450.00, 43, 61358
2026-08-19T17:14:24,209538622-07:00,2026/08/19 17:14:24.224, 78, 48, 410.35, 450.00, 95, 61358
2026-08-19T17:14:25,238998566-07:00,2026/08/19 17:14:25.258, 72, 48, 253.75, 450.00, 0, 61358
2026-08-19T17:14:26,269881968-07:00,2026/08/19 17:14:26.289, 72, 48, 186.19, 450.00, 0, 61358
2026-08-19T17:14:27,303785834-07:00,2026/08/19 17:14:27.317, 74, 48, 131.17, 450.00, 86, 61358
2026-08-19T17:14:28,326651304-07:00,2026/08/19 17:14:28.341, 77, 48, 379.51, 450.00, 94, 61358
2026-08-19T17:14:29,355659444-07:00,2026/08/19 17:14:29.370, 77, 47, 451.39, 450.00, 95, 61358
2026-08-19T17:14:30,383655174-07:00,2026/08/19 17:14:30.397, 77, 47, 450.13, 450.00, 95, 61358
2026-08-19T17:14:31,410517054-07:00,2026/08/19 17:14:31.423, 77, 47, 449.76, 450.00, 95, 61358
2026-08-19T17:14:32,438735402-07:00,2026/08/19 17:14:32.451, 77, 47, 449.65, 450.00, 95, 61358
2026-08-19T17:14:33,466694118-07:00,2026/08/19 17:14:33.481, 78, 48, 449.92, 450.00, 94, 61358
2026-08-19T17:14:34,498046779-07:00,2026/08/19 17:14:34.517, 78, 48, 399.63, 450.00, 94, 61358
2026-08-19T17:14:35,526991801-07:00,2026/08/19 17:14:35.543, 72, 48, 176.33, 450.00, 29, 61358
2026-08-19T17:14:36,559126554-07:00,2026/08/19 17:14:36.572, 78, 48, 399.07, 450.00, 93, 61358
2026-08-19T17:14:37,581288474-07:00,2026/08/19 17:14:37.596, 76, 48, 335.15, 450.00, 68, 61358
2026-08-19T17:14:38,611965850-07:00,2026/08/19 17:14:38.627, 78, 48, 450.36, 450.00, 95, 61358
2026-08-19T17:14:39,642215708-07:00,2026/08/19 17:14:39.657, 77, 47, 450.18, 450.00, 95, 61358
2026-08-19T17:14:40,670987767-07:00,2026/08/19 17:14:40.684, 78, 48, 450.01, 450.00, 95, 61358
2026-08-19T17:14:41,699278434-07:00,2026/08/19 17:14:41.714, 78, 48, 449.77, 450.00, 94, 61358
2026-08-19T17:14:42,727231779-07:00,2026/08/19 17:14:42.741, 78, 48, 450.16, 450.00, 94, 61358
2026-08-19T17:14:43,754728140-07:00,2026/08/19 17:14:43.767, 78, 48, 449.83, 450.00, 94, 61358
2026-08-19T17:14:44,779566484-07:00,2026/08/19 17:14:44.792, 78, 48, 449.72, 450.00, 94, 61358
2026-08-19T17:14:45,809975310-07:00,2026/08/19 17:14:45.830, 72, 48, 222.25, 450.00, 0, 61358
2026-08-19T17:14:46,843312858-07:00,2026/08/19 17:14:46.857, 72, 48, 193.64, 450.00, 0, 61358
2026-08-19T17:14:47,866982842-07:00,2026/08/19 17:14:47.882, 71, 48, 114.53, 450.00, 0, 61358
2026-08-19T17:14:48,895363757-07:00,2026/08/19 17:14:48.909, 78, 48, 339.68, 450.00, 100, 61358
2026-08-19T17:14:49,919922465-07:00,2026/08/19 17:14:49.934, 77, 47, 448.86, 450.00, 80, 61358
2026-08-19T17:14:50,944604598-07:00,2026/08/19 17:14:50.959, 79, 47, 449.61, 450.00, 100, 61358
2026-08-19T17:14:51,969520059-07:00,2026/08/19 17:14:51.982, 80, 47, 443.88, 450.00, 100, 61358
2026-08-19T17:14:52,992598845-07:00,2026/08/19 17:14:53.004, 81, 47, 455.74, 450.00, 81, 61358
2026-08-19T17:14:54,015394961-07:00,2026/08/19 17:14:54.029, 80, 47, 449.21, 450.00, 100, 61358
2026-08-19T17:14:55,040365094-07:00,2026/08/19 17:14:55.054, 80, 48, 444.83, 450.00, 100, 61358
2026-08-19T17:14:56,065496030-07:00,2026/08/19 17:14:56.079, 80, 48, 453.49, 450.00, 100, 61358
2026-08-19T17:14:57,089893644-07:00,2026/08/19 17:14:57.101, 80, 48, 431.67, 450.00, 100, 61358
2026-08-19T17:14:58,112610616-07:00,2026/08/19 17:14:58.126, 78, 48, 451.28, 450.00, 93, 61378
2026-08-19T17:14:59,138593758-07:00,2026/08/19 17:14:59.152, 78, 48, 450.16, 450.00, 94, 61378
2026-08-19T17:15:00,165171570-07:00,2026/08/19 17:15:00.178, 78, 48, 449.84, 450.00, 95, 61378
2026-08-19T17:15:01,191496387-07:00,2026/08/19 17:15:01.205, 79, 48, 449.89, 450.00, 95, 61378
2026-08-19T17:15:02,217783402-07:00,2026/08/19 17:15:02.232, 78, 48, 450.07, 450.00, 95, 61378
2026-08-19T17:15:03,244999963-07:00,2026/08/19 17:15:03.259, 79, 48, 449.85, 450.00, 96, 61378
2026-08-19T17:15:04,273585131-07:00,2026/08/19 17:15:04.285, 78, 48, 450.04, 450.00, 95, 61378
2026-08-19T17:15:05,297950958-07:00,2026/08/19 17:15:05.311, 79, 48, 450.02, 450.00, 95, 61378
2026-08-19T17:15:06,323868781-07:00,2026/08/19 17:15:06.338, 79, 48, 449.98, 450.00, 95, 61378
2026-08-19T17:15:07,352440125-07:00,2026/08/19 17:15:07.366, 79, 48, 449.74, 450.00, 95, 61378
2026-08-19T17:15:08,380220168-07:00,2026/08/19 17:15:08.395, 79, 48, 449.90, 450.00, 94, 61378
2026-08-19T17:15:09,408408734-07:00,2026/08/19 17:15:09.421, 79, 48, 449.99, 450.00, 95, 61378
2026-08-19T17:15:10,434686168-07:00,2026/08/19 17:15:10.447, 79, 48, 449.86, 450.00, 95, 61378
2026-08-19T17:15:11,460638883-07:00,2026/08/19 17:15:11.475, 79, 48, 449.67, 450.00, 95, 61378
2026-08-19T17:15:12,488185240-07:00,2026/08/19 17:15:12.501, 79, 48, 450.23, 450.00, 94, 61378
2026-08-19T17:15:13,514335929-07:00,2026/08/19 17:15:13.529, 79, 48, 449.76, 450.00, 94, 61378
2026-08-19T17:15:14,542693071-07:00,2026/08/19 17:15:14.558, 79, 48, 453.52, 450.00, 93, 61378
2026-08-19T17:15:15,570856305-07:00,2026/08/19 17:15:15.585, 79, 48, 449.61, 450.00, 95, 61378
2026-08-19T17:15:16,598368175-07:00,2026/08/19 17:15:16.613, 81, 48, 378.01, 450.00, 100, 61378
2026-08-19T17:15:17,623077082-07:00,2026/08/19 17:15:17.637, 81, 48, 448.59, 450.00, 100, 61378
2026-08-19T17:15:18,647965170-07:00,2026/08/19 17:15:18.659, 82, 48, 449.72, 450.00, 92, 61378
2026-08-19T17:15:19,671057782-07:00,2026/08/19 17:15:19.685, 82, 48, 449.24, 450.00, 100, 61378
2026-08-19T17:15:20,700243468-07:00,2026/08/19 17:15:20.715, 81, 48, 453.81, 450.00, 100, 61378
2026-08-19T17:15:21,724734968-07:00,2026/08/19 17:15:21.739, 81, 48, 450.78, 450.00, 100, 61378
2026-08-19T17:15:22,749500252-07:00,2026/08/19 17:15:22.764, 81, 48, 449.52, 450.00, 100, 61378
2026-08-19T17:15:23,775709078-07:00,2026/08/19 17:15:23.790, 83, 48, 448.07, 450.00, 100, 61378
2026-08-19T17:15:24,800956253-07:00,2026/08/19 17:15:24.815, 82, 49, 441.33, 450.00, 100, 61378
2026-08-19T17:15:25,826566718-07:00,2026/08/19 17:15:25.841, 82, 49, 444.84, 450.00, 100, 61378
2026-08-19T17:15:26,853411889-07:00,2026/08/19 17:15:26.867, 80, 49, 432.03, 450.00, 95, 61378
2026-08-19T17:15:27,880039837-07:00,2026/08/19 17:15:27.894, 80, 49, 450.01, 450.00, 94, 61378
2026-08-19T17:15:28,907864168-07:00,2026/08/19 17:15:28.922, 80, 49, 449.86, 450.00, 96, 61378
2026-08-19T17:15:29,936310358-07:00,2026/08/19 17:15:29.951, 80, 49, 449.64, 450.00, 94, 61378
2026-08-19T17:15:30,965298369-07:00,2026/08/19 17:15:30.978, 80, 49, 450.20, 450.00, 94, 61378
2026-08-19T17:15:31,991317317-07:00,2026/08/19 17:15:32.006, 80, 49, 450.24, 450.00, 94, 61378
2026-08-19T17:15:33,019600088-07:00,2026/08/19 17:15:33.032, 80, 49, 449.71, 450.00, 94, 61378
2026-08-19T17:15:34,044854478-07:00,2026/08/19 17:15:34.058, 76, 49, 372.49, 450.00, 12, 61378
2026-08-19T17:15:35,072628746-07:00,2026/08/19 17:15:35.086, 80, 49, 467.38, 450.00, 94, 61378
2026-08-19T17:15:36,098612445-07:00,2026/08/19 17:15:36.110, 80, 49, 450.12, 450.00, 95, 61378
2026-08-19T17:15:37,123792994-07:00,2026/08/19 17:15:37.138, 80, 49, 450.17, 450.00, 95, 61378
2026-08-19T17:15:38,151368323-07:00,2026/08/19 17:15:38.164, 80, 49, 449.34, 450.00, 92, 61378
2026-08-19T17:15:39,177550713-07:00,2026/08/19 17:15:39.189, 80, 49, 450.60, 450.00, 95, 61378
2026-08-19T17:15:40,200540242-07:00,2026/08/19 17:15:40.213, 80, 49, 449.82, 450.00, 93, 61378
2026-08-19T17:15:41,226628563-07:00,2026/08/19 17:15:41.238, 80, 49, 449.96, 450.00, 94, 61378
2026-08-19T17:15:42,250884361-07:00,2026/08/19 17:15:42.263, 80, 49, 450.35, 450.00, 93, 61378
2026-08-19T17:15:43,277634509-07:00,2026/08/19 17:15:43.292, 80, 49, 449.79, 450.00, 93, 61378
2026-08-19T17:15:44,304043328-07:00,2026/08/19 17:15:44.316, 80, 49, 450.19, 450.00, 94, 61378
2026-08-19T17:15:45,329141316-07:00,2026/08/19 17:15:45.343, 80, 49, 449.09, 450.00, 94, 61378
2026-08-19T17:15:46,357402179-07:00,2026/08/19 17:15:46.370, 80, 49, 451.23, 450.00, 95, 61378
2026-08-19T17:15:47,383412972-07:00,2026/08/19 17:15:47.397, 80, 49, 450.07, 450.00, 95, 61378
2026-08-19T17:15:48,410479288-07:00,2026/08/19 17:15:48.422, 80, 49, 449.98, 450.00, 93, 61378
2026-08-19T17:15:49,435107396-07:00,2026/08/19 17:15:49.449, 81, 49, 450.12, 450.00, 93, 61378
2026-08-19T17:15:50,461545530-07:00,2026/08/19 17:15:50.475, 80, 49, 449.79, 450.00, 94, 61378
2026-08-19T17:15:51,488667048-07:00,2026/08/19 17:15:51.505, 75, 49, 167.74, 450.00, 0, 61378
2026-08-19T17:15:52,518538055-07:00,2026/08/19 17:15:52.532, 82, 49, 437.24, 450.00, 100, 61378
2026-08-19T17:15:53,543493369-07:00,2026/08/19 17:15:53.557, 82, 49, 450.42, 450.00, 100, 61378
2026-08-19T17:15:54,568386726-07:00,2026/08/19 17:15:54.582, 82, 49, 445.25, 450.00, 100, 61378
2026-08-19T17:15:55,593519902-07:00,2026/08/19 17:15:55.607, 79, 49, 452.92, 450.00, 89, 61378
2026-08-19T17:15:56,618609847-07:00,2026/08/19 17:15:56.631, 82, 49, 450.18, 450.00, 100, 61378
2026-08-19T17:15:57,641621107-07:00,2026/08/19 17:15:57.654, 82, 49, 444.30, 450.00, 100, 61378
2026-08-19T17:15:58,664294311-07:00,2026/08/19 17:15:58.678, 82, 49, 448.48, 450.00, 100, 61378
2026-08-19T17:15:59,689537937-07:00,2026/08/19 17:15:59.702, 82, 49, 450.59, 450.00, 84, 61378
2026-08-19T17:16:00,714737127-07:00,2026/08/19 17:16:00.726, 82, 49, 449.51, 450.00, 100, 61378
2026-08-19T17:16:01,738020957-07:00,2026/08/19 17:16:01.754, 83, 49, 449.29, 450.00, 100, 61378
2026-08-19T17:16:02,765566637-07:00,2026/08/19 17:16:02.777, 82, 50, 442.68, 450.00, 100, 61378
2026-08-19T17:16:03,788207759-07:00,2026/08/19 17:16:03.804, 83, 50, 450.18, 450.00, 100, 61378
2026-08-19T17:16:04,818936274-07:00,2026/08/19 17:16:04.830, 82, 50, 442.52, 450.00, 100, 61378
2026-08-19T17:16:05,843319404-07:00,2026/08/19 17:16:05.855, 82, 50, 446.68, 450.00, 89, 61378
2026-08-19T17:16:06,865188533-07:00,2026/08/19 17:16:06.879, 81, 50, 450.06, 450.00, 87, 61378
2026-08-19T17:16:07,889560724-07:00,2026/08/19 17:16:07.904, 82, 50, 450.06, 450.00, 100, 61378
2026-08-19T17:16:08,916762974-07:00,2026/08/19 17:16:08.931, 82, 50, 453.59, 450.00, 100, 61378
2026-08-19T17:16:09,942964332-07:00,2026/08/19 17:16:09.958, 82, 50, 443.54, 450.00, 100, 61378
2026-08-19T17:16:10,969586430-07:00,2026/08/19 17:16:10.981, 82, 50, 449.45, 450.00, 100, 61378
2026-08-19T17:16:11,992961146-07:00,2026/08/19 17:16:12.004, 82, 50, 454.56, 450.00, 100, 61378
2026-08-19T17:16:13,016928281-07:00,2026/08/19 17:16:13.031, 82, 50, 449.66, 450.00, 100, 61378
2026-08-19T17:16:14,042544913-07:00,2026/08/19 17:16:14.057, 82, 50, 449.88, 450.00, 100, 61378
2026-08-19T17:16:15,067707468-07:00,2026/08/19 17:16:15.082, 82, 50, 449.78, 450.00, 100, 61378
2026-08-19T17:16:16,095598234-07:00,2026/08/19 17:16:16.107, 83, 50, 448.68, 450.00, 100, 61378
2026-08-19T17:16:17,118034445-07:00,2026/08/19 17:16:17.133, 81, 50, 449.84, 450.00, 80, 61378
2026-08-19T17:16:18,143583540-07:00,2026/08/19 17:16:18.158, 82, 50, 448.68, 450.00, 100, 61378
2026-08-19T17:16:19,170570566-07:00,2026/08/19 17:16:19.184, 83, 50, 449.50, 450.00, 100, 61378
2026-08-19T17:16:20,194410981-07:00,2026/08/19 17:16:20.208, 82, 50, 450.24, 450.00, 100, 61378
2026-08-19T17:16:21,220725535-07:00,2026/08/19 17:16:21.234, 82, 50, 449.55, 450.00, 100, 61378
2026-08-19T17:16:22,243723112-07:00,2026/08/19 17:16:22.259, 81, 50, 448.42, 450.00, 100, 61378
2026-08-19T17:16:23,269797563-07:00,2026/08/19 17:16:23.284, 82, 50, 450.62, 450.00, 100, 61378
2026-08-19T17:16:24,295410251-07:00,2026/08/19 17:16:24.307, 83, 50, 448.83, 450.00, 90, 61378
2026-08-19T17:16:25,320742611-07:00,2026/08/19 17:16:25.335, 82, 50, 454.66, 450.00, 100, 61378
2026-08-19T17:16:26,344757323-07:00,2026/08/19 17:16:26.359, 83, 50, 449.84, 450.00, 100, 61378
2026-08-19T17:16:27,371092915-07:00,2026/08/19 17:16:27.383, 82, 50, 449.46, 450.00, 100, 61378
2026-08-19T17:16:28,395216641-07:00,2026/08/19 17:16:28.407, 83, 50, 448.79, 450.00, 85, 61378
2026-08-19T17:16:29,417266608-07:00,2026/08/19 17:16:29.432, 82, 50, 450.29, 450.00, 100, 61378
2026-08-19T17:16:30,442671026-07:00,2026/08/19 17:16:30.457, 82, 50, 449.56, 450.00, 100, 61378
2026-08-19T17:16:31,468687483-07:00,2026/08/19 17:16:31.483, 83, 50, 449.63, 450.00, 100, 61378
2026-08-19T17:16:32,494202380-07:00,2026/08/19 17:16:32.508, 82, 50, 448.65, 450.00, 100, 61378
2026-08-19T17:16:33,519636858-07:00,2026/08/19 17:16:33.532, 82, 50, 453.45, 450.00, 100, 61378
2026-08-19T17:16:34,543815174-07:00,2026/08/19 17:16:34.556, 82, 50, 448.55, 450.00, 100, 61378
2026-08-19T17:16:35,567841892-07:00,2026/08/19 17:16:35.582, 81, 50, 448.17, 450.00, 84, 61378
2026-08-19T17:16:36,595333355-07:00,2026/08/19 17:16:36.609, 82, 50, 449.97, 450.00, 100, 61378
2026-08-19T17:16:37,621429339-07:00,2026/08/19 17:16:37.637, 82, 50, 449.41, 450.00, 100, 61378
2026-08-19T17:16:38,648401943-07:00,2026/08/19 17:16:38.661, 82, 50, 448.26, 450.00, 84, 61378
2026-08-19T17:16:39,674837635-07:00,2026/08/19 17:16:39.689, 83, 50, 444.33, 450.00, 100, 61378
2026-08-19T17:16:40,700574359-07:00,2026/08/19 17:16:40.714, 83, 50, 457.33, 450.00, 100, 61378
2026-08-19T17:16:41,723866843-07:00,2026/08/19 17:16:41.736, 82, 50, 449.67, 450.00, 100, 61378
2026-08-19T17:16:42,748480946-07:00,2026/08/19 17:16:42.762, 82, 50, 450.08, 450.00, 100, 61378
2026-08-19T17:16:43,775612050-07:00,2026/08/19 17:16:43.789, 82, 50, 449.59, 450.00, 100, 61378
2026-08-19T17:16:44,802040943-07:00,2026/08/19 17:16:44.816, 82, 50, 448.88, 450.00, 100, 61378
2026-08-19T17:16:45,827770148-07:00,2026/08/19 17:16:45.839, 82, 50, 450.89, 450.00, 100, 61378
2026-08-19T17:16:46,851110809-07:00,2026/08/19 17:16:46.863, 82, 50, 449.06, 450.00, 100, 61378
2026-08-19T17:16:47,875985470-07:00,2026/08/19 17:16:47.890, 83, 50, 450.36, 450.00, 100, 61378
2026-08-19T17:16:48,901527630-07:00,2026/08/19 17:16:48.914, 82, 50, 450.33, 450.00, 100, 61378
2026-08-19T17:16:49,927062913-07:00,2026/08/19 17:16:49.939, 83, 50, 449.50, 450.00, 100, 61378
2026-08-19T17:16:50,949750640-07:00,2026/08/19 17:16:50.962, 82, 50, 444.80, 450.00, 100, 61378
2026-08-19T17:16:51,974397127-07:00,2026/08/19 17:16:51.988, 82, 50, 450.77, 450.00, 100, 61378
2026-08-19T17:16:53,001491685-07:00,2026/08/19 17:16:53.016, 82, 50, 449.47, 450.00, 100, 61378
2026-08-19T17:16:54,027758998-07:00,2026/08/19 17:16:54.042, 82, 50, 450.29, 450.00, 100, 61378
2026-08-19T17:16:55,054311176-07:00,2026/08/19 17:16:55.068, 83, 50, 449.17, 450.00, 100, 61378
2026-08-19T17:16:56,079527294-07:00,2026/08/19 17:16:56.094, 82, 50, 448.47, 450.00, 100, 61378
2026-08-19T17:16:57,105195780-07:00,2026/08/19 17:16:57.120, 82, 50, 450.91, 450.00, 100, 61378
2026-08-19T17:16:58,131266361-07:00,2026/08/19 17:16:58.146, 84, 50, 449.55, 450.00, 96, 61378
2026-08-19T17:16:59,161224284-07:00,2026/08/19 17:16:59.174, 83, 50, 407.83, 450.00, 100, 61378
2026-08-19T17:17:00,186508710-07:00,2026/08/19 17:17:00.201, 82, 50, 442.67, 450.00, 100, 61378
2026-08-19T17:17:01,213850020-07:00,2026/08/19 17:17:01.228, 82, 50, 449.63, 450.00, 100, 61378
2026-08-19T17:17:02,239477550-07:00,2026/08/19 17:17:02.254, 82, 50, 399.38, 450.00, 100, 61378
2026-08-19T17:17:03,263536430-07:00,2026/08/19 17:17:03.275, 81, 50, 406.93, 450.00, 94, 61378
2026-08-19T17:17:04,289984267-07:00,2026/08/19 17:17:04.305, 81, 50, 450.15, 450.00, 93, 61378
2026-08-19T17:17:05,319890296-07:00,2026/08/19 17:17:05.333, 81, 50, 449.96, 450.00, 95, 61378
2026-08-19T17:17:06,344394392-07:00,2026/08/19 17:17:06.357, 81, 50, 450.50, 450.00, 94, 61378
2026-08-19T17:17:07,372878850-07:00,2026/08/19 17:17:07.385, 81, 50, 449.63, 450.00, 95, 61378
2026-08-19T17:17:08,400524532-07:00,2026/08/19 17:17:08.417, 81, 50, 449.82, 450.00, 95, 61378
2026-08-19T17:17:09,432406257-07:00,2026/08/19 17:17:09.446, 77, 50, 327.57, 450.00, 0, 61378
2026-08-19T17:17:10,456737303-07:00,2026/08/19 17:17:10.471, 81, 50, 350.61, 450.00, 95, 61378
2026-08-19T17:17:11,484202877-07:00,2026/08/19 17:17:11.498, 81, 50, 450.68, 450.00, 95, 61378
2026-08-19T17:17:12,513686857-07:00,2026/08/19 17:17:12.529, 81, 50, 449.81, 450.00, 95, 61378
2026-08-19T17:17:13,541335757-07:00,2026/08/19 17:17:13.555, 81, 50, 450.01, 450.00, 95, 61378
2026-08-19T17:17:14,572886805-07:00,2026/08/19 17:17:14.591, 77, 50, 313.45, 450.00, 0, 61378
2026-08-19T17:17:15,604400044-07:00,2026/08/19 17:17:15.625, 75, 50, 145.74, 450.00, 0, 61378
2026-08-19T17:17:16,642847353-07:00,2026/08/19 17:17:16.665, 74, 50, 137.64, 450.00, 0, 61378
2026-08-19T17:17:17,676717636-07:00,2026/08/19 17:17:17.690, 74, 50, 122.02, 450.00, 0, 61378
2026-08-19T17:17:18,699518972-07:00,2026/08/19 17:17:18.712, 80, 50, 395.68, 450.00, 95, 61378
2026-08-19T17:17:19,727582666-07:00,2026/08/19 17:17:19.742, 80, 50, 449.96, 450.00, 95, 61378
2026-08-19T17:17:20,757761738-07:00,2026/08/19 17:17:20.776, 74, 50, 212.98, 450.00, 0, 61378
2026-08-19T17:17:21,789798974-07:00,2026/08/19 17:17:21.810, 74, 50, 138.52, 450.00, 0, 61378
2026-08-19T17:17:22,826002777-07:00,2026/08/19 17:17:22.849, 73, 50, 129.57, 450.00, 0, 61378
2026-08-19T17:17:23,865814979-07:00,2026/08/19 17:17:23.885, 72, 50, 116.98, 450.00, 0, 61378
2026-08-19T17:17:24,900424022-07:00,2026/08/19 17:17:24.915, 76, 50, 187.35, 450.00, 78, 61378
2026-08-19T17:17:25,931727044-07:00,2026/08/19 17:17:25.946, 77, 50, 451.88, 450.00, 91, 61378
2026-08-19T17:17:26,964870626-07:00,2026/08/19 17:17:26.984, 73, 50, 304.19, 450.00, 0, 61378
2026-08-19T17:17:27,995489375-07:00,2026/08/19 17:17:28.008, 73, 50, 238.60, 450.00, 9, 61378
2026-08-19T17:17:29,022405236-07:00,2026/08/19 17:17:29.035, 78, 50, 452.39, 450.00, 95, 61378
2026-08-19T17:17:30,050983909-07:00,2026/08/19 17:17:30.066, 78, 50, 449.97, 450.00, 94, 61378
2026-08-19T17:17:31,082077083-07:00,2026/08/19 17:17:31.093, 78, 50, 370.66, 450.00, 95, 61378
2026-08-19T17:17:32,103151400-07:00,2026/08/19 17:17:32.116, 79, 50, 338.90, 450.00, 91, 61378
2026-08-19T17:17:33,131361881-07:00,2026/08/19 17:17:33.145, 78, 50, 450.33, 450.00, 95, 61378
2026-08-19T17:17:34,158317839-07:00,2026/08/19 17:17:34.173, 79, 50, 327.87, 450.00, 100, 61378
2026-08-19T17:17:35,183078602-07:00,2026/08/19 17:17:35.198, 79, 50, 409.61, 450.00, 91, 61378
2026-08-19T17:17:36,214399794-07:00,2026/08/19 17:17:36.229, 78, 50, 450.24, 450.00, 95, 61378
2026-08-19T17:17:37,243760638-07:00,2026/08/19 17:17:37.257, 78, 50, 449.81, 450.00, 95, 61378
2026-08-19T17:17:38,272228574-07:00,2026/08/19 17:17:38.285, 78, 50, 449.05, 450.00, 98, 61378
2026-08-19T17:17:39,297845244-07:00,2026/08/19 17:17:39.311, 79, 50, 451.12, 450.00, 95, 61378
2026-08-19T17:17:40,326205431-07:00,2026/08/19 17:17:40.340, 79, 50, 450.15, 450.00, 95, 61378
2026-08-19T17:17:41,350562848-07:00,2026/08/19 17:17:41.368, 76, 50, 171.14, 450.00, 68, 61378
2026-08-19T17:17:42,380299782-07:00,2026/08/19 17:17:42.393, 78, 50, 441.90, 450.00, 95, 61378
2026-08-19T17:17:43,408319253-07:00,2026/08/19 17:17:43.422, 79, 50, 449.90, 450.00, 95, 61378
2026-08-19T17:17:44,438936207-07:00,2026/08/19 17:17:44.468, 76, 50, 376.60, 450.00, 54, 61378
2026-08-19T17:17:45,480890652-07:00,2026/08/19 17:17:45.493, 73, 50, 248.19, 450.00, 8, 61378
2026-08-19T17:17:46,509491545-07:00,2026/08/19 17:17:46.525, 78, 50, 452.54, 450.00, 95, 61378
2026-08-19T17:17:47,540640041-07:00,2026/08/19 17:17:47.555, 78, 50, 450.12, 450.00, 96, 61378
2026-08-19T17:17:48,570846361-07:00,2026/08/19 17:17:48.586, 79, 50, 450.06, 450.00, 95, 61378
2026-08-19T17:17:49,602029003-07:00,2026/08/19 17:17:49.616, 78, 50, 450.11, 450.00, 95, 61378
2026-08-19T17:17:50,630479627-07:00,2026/08/19 17:17:50.645, 79, 50, 449.83, 450.00, 92, 61378
2026-08-19T17:17:51,666344097-07:00,2026/08/19 17:17:51.686, 75, 50, 289.21, 450.00, 24, 61378
2026-08-19T17:17:52,703377793-07:00,2026/08/19 17:17:52.719, 73, 50, 165.24, 450.00, 18, 61378
2026-08-19T17:17:53,740360607-07:00,2026/08/19 17:17:53.755, 78, 50, 431.15, 450.00, 95, 61378
2026-08-19T17:17:54,768951233-07:00,2026/08/19 17:17:54.781, 78, 50, 450.11, 450.00, 95, 61378
2026-08-19T17:17:55,795971538-07:00,2026/08/19 17:17:55.809, 79, 50, 450.02, 450.00, 95, 61378
2026-08-19T17:17:56,824696096-07:00,2026/08/19 17:17:56.840, 79, 50, 450.01, 450.00, 96, 61378
2026-08-19T17:17:57,853780146-07:00,2026/08/19 17:17:57.866, 79, 50, 449.99, 450.00, 95, 61378
2026-08-19T17:17:58,879621464-07:00,2026/08/19 17:17:58.892, 79, 50, 450.57, 450.00, 95, 61378
2026-08-19T17:17:59,907816877-07:00,2026/08/19 17:17:59.923, 79, 50, 449.77, 450.00, 95, 61378
2026-08-19T17:18:00,937584207-07:00,2026/08/19 17:18:00.949, 73, 50, 202.84, 450.00, 0, 61378
2026-08-19T17:18:01,958637804-07:00,2026/08/19 17:18:01.971, 77, 50, 298.23, 450.00, 61, 61378
2026-08-19T17:18:02,986624830-07:00,2026/08/19 17:18:03.001, 78, 50, 450.46, 450.00, 95, 61378
2026-08-19T17:18:04,014692693-07:00,2026/08/19 17:18:04.029, 79, 50, 450.26, 450.00, 96, 61378
2026-08-19T17:18:05,044740585-07:00,2026/08/19 17:18:05.057, 79, 50, 449.68, 450.00, 96, 61378
2026-08-19T17:18:06,072752629-07:00,2026/08/19 17:18:06.087, 79, 50, 450.18, 450.00, 94, 61378
2026-08-19T17:18:07,101518805-07:00,2026/08/19 17:18:07.116, 79, 50, 449.99, 450.00, 94, 61378
2026-08-19T17:18:08,131403745-07:00,2026/08/19 17:18:08.146, 79, 50, 450.06, 450.00, 95, 61378
2026-08-19T17:18:09,162625218-07:00,2026/08/19 17:18:09.182, 79, 50, 395.44, 450.00, 94, 61378
2026-08-19T17:18:10,198165956-07:00,2026/08/19 17:18:10.212, 74, 50, 136.81, 450.00, 0, 61378
2026-08-19T17:18:11,222107113-07:00,2026/08/19 17:18:11.235, 78, 50, 317.01, 450.00, 96, 61378
2026-08-19T17:18:12,249965588-07:00,2026/08/19 17:18:12.265, 79, 50, 449.78, 450.00, 95, 61378
2026-08-19T17:18:13,280519423-07:00,2026/08/19 17:18:13.295, 79, 49, 450.19, 450.00, 95, 61378
2026-08-19T17:18:14,309589923-07:00,2026/08/19 17:18:14.324, 79, 49, 450.00, 450.00, 95, 61378
2026-08-19T17:18:15,338637691-07:00,2026/08/19 17:18:15.350, 73, 50, 249.95, 450.00, 0, 61378
2026-08-19T17:18:16,359470328-07:00,2026/08/19 17:18:16.374, 78, 50, 356.58, 450.00, 94, 61378
2026-08-19T17:18:17,386537581-07:00,2026/08/19 17:18:17.398, 79, 50, 449.54, 450.00, 95, 61378
2026-08-19T17:18:18,411744397-07:00,2026/08/19 17:18:18.424, 79, 49, 450.32, 450.00, 91, 61378
2026-08-19T17:18:19,438950041-07:00,2026/08/19 17:18:19.454, 79, 49, 450.20, 450.00, 95, 61378
2026-08-19T17:18:20,471312694-07:00,2026/08/19 17:18:20.505, 75, 50, 347.46, 450.00, 27, 61378
2026-08-19T17:18:21,519252844-07:00,2026/08/19 17:18:21.532, 73, 50, 155.65, 450.00, 0, 61378
2026-08-19T17:18:22,540705403-07:00,2026/08/19 17:18:22.555, 78, 50, 403.24, 450.00, 95, 61378
2026-08-19T17:18:23,568071407-07:00,2026/08/19 17:18:23.583, 78, 49, 450.06, 450.00, 95, 61378
2026-08-19T17:18:24,599063900-07:00,2026/08/19 17:18:24.613, 79, 49, 449.96, 450.00, 95, 61378
2026-08-19T17:18:25,628846620-07:00,2026/08/19 17:18:25.643, 79, 49, 450.24, 450.00, 95, 61378
2026-08-19T17:18:26,658527772-07:00,2026/08/19 17:18:26.671, 79, 49, 450.01, 450.00, 90, 61378
2026-08-19T17:18:27,686607770-07:00,2026/08/19 17:18:27.701, 79, 49, 450.09, 450.00, 95, 61378
2026-08-19T17:18:28,716855728-07:00,2026/08/19 17:18:28.729, 79, 49, 449.75, 450.00, 95, 61378
2026-08-19T17:18:29,744967781-07:00,2026/08/19 17:18:29.757, 79, 49, 450.08, 450.00, 95, 61378
2026-08-19T17:18:30,773208306-07:00,2026/08/19 17:18:30.787, 79, 49, 449.94, 450.00, 95, 61378
2026-08-19T17:18:31,802608338-07:00,2026/08/19 17:18:31.817, 79, 49, 450.15, 450.00, 95, 61378
2026-08-19T17:18:32,832573518-07:00,2026/08/19 17:18:32.846, 79, 49, 449.93, 450.00, 96, 61378
2026-08-19T17:18:33,861458963-07:00,2026/08/19 17:18:33.876, 79, 49, 450.30, 450.00, 94, 61378
2026-08-19T17:18:34,890315307-07:00,2026/08/19 17:18:34.905, 79, 49, 450.61, 450.00, 95, 61378
2026-08-19T17:18:35,920311932-07:00,2026/08/19 17:18:35.935, 80, 49, 449.97, 450.00, 94, 61378
2026-08-19T17:18:36,951164999-07:00,2026/08/19 17:18:36.965, 80, 49, 449.82, 450.00, 93, 61378
2026-08-19T17:18:37,982572833-07:00,2026/08/19 17:18:38.001, 80, 49, 396.98, 450.00, 96, 61378
2026-08-19T17:18:39,010215045-07:00,2026/08/19 17:18:39.023, 74, 50, 286.33, 450.00, 26, 61378
2026-08-19T17:18:40,041325651-07:00,2026/08/19 17:18:40.060, 79, 50, 436.49, 450.00, 95, 61378
2026-08-19T17:18:41,070593562-07:00,2026/08/19 17:18:41.085, 74, 49, 282.37, 450.00, 9, 61378
2026-08-19T17:18:42,099855224-07:00,2026/08/19 17:18:42.114, 79, 49, 453.32, 450.00, 93, 61378
2026-08-19T17:18:43,128266196-07:00,2026/08/19 17:18:43.143, 79, 49, 449.95, 450.00, 95, 61378
2026-08-19T17:18:44,158389521-07:00,2026/08/19 17:18:44.172, 79, 49, 449.58, 450.00, 94, 61378
2026-08-19T17:18:45,190567713-07:00,2026/08/19 17:18:45.215, 77, 49, 301.62, 450.00, 61, 61378
2026-08-19T17:18:46,223796889-07:00,2026/08/19 17:18:46.237, 79, 49, 282.23, 450.00, 94, 61378
2026-08-19T17:18:47,250819872-07:00,2026/08/19 17:18:47.265, 79, 49, 455.73, 450.00, 94, 61378
2026-08-19T17:18:48,280549664-07:00,2026/08/19 17:18:48.295, 79, 49, 450.42, 450.00, 95, 61378
2026-08-19T17:18:49,312040887-07:00,2026/08/19 17:18:49.330, 79, 49, 449.98, 450.00, 95, 61378
2026-08-19T17:18:50,346167228-07:00,2026/08/19 17:18:50.360, 75, 49, 200.47, 450.00, 40, 61378
2026-08-19T17:18:51,375537908-07:00,2026/08/19 17:18:51.390, 79, 49, 464.12, 450.00, 96, 61378
2026-08-19T17:18:52,404062768-07:00,2026/08/19 17:18:52.418, 79, 49, 450.05, 450.00, 95, 61378
2026-08-19T17:18:53,433154519-07:00,2026/08/19 17:18:53.448, 79, 49, 449.86, 450.00, 95, 61378
2026-08-19T17:18:54,464624563-07:00,2026/08/19 17:18:54.477, 74, 49, 321.71, 450.00, 0, 61378
2026-08-19T17:18:55,485892750-07:00,2026/08/19 17:18:55.500, 79, 49, 340.84, 450.00, 94, 61378
2026-08-19T17:18:56,513857299-07:00,2026/08/19 17:18:56.528, 79, 49, 450.37, 450.00, 95, 61378
2026-08-19T17:18:57,543524962-07:00,2026/08/19 17:18:57.557, 79, 49, 450.30, 450.00, 95, 61378
2026-08-19T17:18:58,577427706-07:00,2026/08/19 17:18:58.592, 79, 49, 449.72, 450.00, 92, 61378
2026-08-19T17:18:59,606094394-07:00,2026/08/19 17:18:59.618, 75, 49, 312.39, 450.00, 1, 61378
2026-08-19T17:19:00,626779285-07:00,2026/08/19 17:19:00.641, 80, 49, 389.46, 450.00, 89, 61378
2026-08-19T17:19:01,657440663-07:00,2026/08/19 17:19:01.672, 79, 49, 450.01, 450.00, 95, 61378
2026-08-19T17:19:02,685107546-07:00,2026/08/19 17:19:02.697, 74, 49, 258.40, 450.00, 9, 61378
2026-08-19T17:19:03,713480506-07:00,2026/08/19 17:19:03.728, 79, 49, 458.49, 450.00, 95, 61378
2026-08-19T17:19:04,742757327-07:00,2026/08/19 17:19:04.757, 79, 49, 450.05, 450.00, 95, 61378
2026-08-19T17:19:05,769494273-07:00,2026/08/19 17:19:05.784, 79, 49, 450.28, 450.00, 95, 61378
2026-08-19T17:19:06,799011018-07:00,2026/08/19 17:19:06.811, 79, 49, 449.96, 450.00, 95, 61378
2026-08-19T17:19:07,821851064-07:00,2026/08/19 17:19:07.836, 74, 49, 219.97, 450.00, 7, 61378
2026-08-19T17:19:08,854142234-07:00,2026/08/19 17:19:08.869, 79, 49, 455.64, 450.00, 96, 61378
2026-08-19T17:19:09,885711309-07:00,2026/08/19 17:19:09.900, 79, 49, 449.94, 450.00, 95, 61378
2026-08-19T17:19:10,915020642-07:00,2026/08/19 17:19:10.929, 79, 49, 449.98, 450.00, 94, 61378
2026-08-19T17:19:11,944563918-07:00,2026/08/19 17:19:11.957, 79, 49, 450.34, 450.00, 94, 61378
2026-08-19T17:19:12,973433722-07:00,2026/08/19 17:19:12.987, 76, 49, 347.84, 450.00, 28, 61378
2026-08-19T17:19:13,999316447-07:00,2026/08/19 17:19:14.014, 78, 49, 364.27, 450.00, 75, 61378
2026-08-19T17:19:15,028247060-07:00,2026/08/19 17:19:15.043, 79, 49, 452.10, 450.00, 95, 61378
2026-08-19T17:19:16,057615245-07:00,2026/08/19 17:19:16.071, 79, 49, 449.33, 450.00, 94, 61378
2026-08-19T17:19:17,085745780-07:00,2026/08/19 17:19:17.100, 79, 49, 450.47, 450.00, 94, 61378
2026-08-19T17:19:18,114120578-07:00,2026/08/19 17:19:18.128, 79, 49, 450.14, 450.00, 93, 61378
2026-08-19T17:19:19,145371341-07:00,2026/08/19 17:19:19.160, 79, 49, 450.15, 450.00, 94, 61378
2026-08-19T17:19:20,174232617-07:00,2026/08/19 17:19:20.186, 79, 49, 450.17, 450.00, 94, 61378
2026-08-19T17:19:21,199442117-07:00,2026/08/19 17:19:21.212, 80, 49, 449.55, 450.00, 94, 61378
2026-08-19T17:19:22,227226662-07:00,2026/08/19 17:19:22.240, 76, 49, 420.23, 450.00, 0, 61378
2026-08-19T17:19:23,251163522-07:00,2026/08/19 17:19:23.270, 74, 49, 145.33, 450.00, 0, 31607
2026-08-19T17:19:24,284727245-07:00,2026/08/19 17:19:24.312, 72, 49, 132.66, 450.00, 0, 31607
2026-08-19T17:19:25,328193611-07:00,2026/08/19 17:19:25.351, 71, 49, 89.06, 450.00, 0, 31607
2026-08-19T17:19:26,362074252-07:00,2026/08/19 17:19:26.375, 71, 49, 84.46, 450.00, 0, 31607
2026-08-19T17:19:27,395182119-07:00,2026/08/19 17:19:27.420, 70, 49, 77.06, 450.00, 0, 31607
2026-08-19T17:19:28,433642744-07:00,2026/08/19 17:19:28.463, 70, 49, 74.43, 450.00, 0, 31607
2026-08-19T17:19:29,479882072-07:00,2026/08/19 17:19:29.505, 69, 49, 61.62, 450.00, 0, 31607
2026-08-19T17:19:30,523478505-07:00,2026/08/19 17:19:30.545, 69, 49, 49.21, 450.00, 0, 31607
2026-08-19T17:19:31,561528333-07:00,2026/08/19 17:19:31.593, 68, 49, 51.33, 450.00, 0, 31607
2026-08-19T17:19:32,618194840-07:00,2026/08/19 17:19:32.640, 68, 49, 40.50, 450.00, 0, 31607
2026-08-19T17:19:33,667604915-07:00,2026/08/19 17:19:33.691, 67, 49, 45.47, 450.00, 0, 31607
2026-08-19T17:19:34,713796433-07:00,2026/08/19 17:19:34.740, 67, 49, 42.91, 450.00, 0, 31607
2026-08-19T17:19:35,770763541-07:00,2026/08/19 17:19:35.797, 67, 48, 39.42, 450.00, 0, 31607
2026-08-19T17:19:36,827893688-07:00,2026/08/19 17:19:36.851, 66, 48, 38.33, 450.00, 0, 31607
2026-08-19T17:19:37,872853116-07:00,2026/08/19 17:19:37.886, 66, 48, 37.47, 450.00, 0, 31607
2026-08-19T17:19:38,904047854-07:00,2026/08/19 17:19:38.916, 67, 47, 130.90, 450.00, 0, 32164
2026-08-19T17:19:39,926655300-07:00,2026/08/19 17:19:39.945, 67, 47, 121.97, 450.00, 60, 48218
2026-08-19T17:19:40,959412282-07:00,2026/08/19 17:19:40.977, 67, 47, 133.09, 450.00, 60, 48218
2026-08-19T17:19:41,991246967-07:00,2026/08/19 17:19:42.005, 67, 47, 142.02, 450.00, 19, 61046
2026-08-19T17:19:43,016603544-07:00,2026/08/19 17:19:43.035, 67, 47, 140.49, 450.00, 0, 61308
2026-08-19T17:19:44,047512330-07:00,2026/08/19 17:19:44.073, 67, 46, 139.64, 450.00, 0, 61308
2026-08-19T17:19:45,084383881-07:00,2026/08/19 17:19:45.104, 66, 46, 111.39, 450.00, 0, 61308
2026-08-19T17:19:46,115771026-07:00,2026/08/19 17:19:46.141, 66, 46, 111.50, 450.00, 0, 61308
2026-08-19T17:19:47,152454481-07:00,2026/08/19 17:19:47.172, 66, 46, 111.19, 450.00, 0, 61308
2026-08-19T17:19:48,183634158-07:00,2026/08/19 17:19:48.202, 65, 46, 111.14, 450.00, 0, 61308
2026-08-19T17:19:49,214821578-07:00,2026/08/19 17:19:49.235, 65, 46, 111.15, 450.00, 0, 61308
2026-08-19T17:19:50,248792462-07:00,2026/08/19 17:19:50.270, 65, 46, 111.11, 450.00, 0, 61308
2026-08-19T17:19:51,288848331-07:00,2026/08/19 17:19:51.313, 65, 46, 111.02, 450.00, 0, 61308
2026-08-19T17:19:52,330784816-07:00,2026/08/19 17:19:52.350, 64, 46, 111.01, 450.00, 0, 61308
2026-08-19T17:19:53,361778546-07:00,2026/08/19 17:19:53.378, 64, 46, 111.20, 450.00, 0, 61308
2026-08-19T17:19:54,389315586-07:00,2026/08/19 17:19:54.411, 64, 46, 110.97, 450.00, 0, 61308
2026-08-19T17:19:55,422726778-07:00,2026/08/19 17:19:55.439, 64, 45, 110.85, 450.00, 0, 61308
2026-08-19T17:19:56,456090917-07:00,2026/08/19 17:19:56.472, 64, 45, 110.86, 450.00, 0, 61308
2026-08-19T17:19:57,482620497-07:00,2026/08/19 17:19:57.502, 64, 45, 110.80, 450.00, 0, 61308
2026-08-19T17:19:58,518757091-07:00,2026/08/19 17:19:58.535, 64, 45, 110.67, 450.00, 0, 61308
2026-08-19T17:19:59,545142865-07:00,2026/08/19 17:19:59.559, 62, 45, 96.99, 450.00, 0, 61308
2026-08-19T17:20:00,574684623-07:00,2026/08/19 17:20:00.595, 62, 45, 77.28, 450.00, 0, 61308
2026-08-19T17:20:01,608634192-07:00,2026/08/19 17:20:01.628, 62, 45, 71.48, 450.00, 0, 61308
2026-08-19T17:20:02,643635450-07:00,2026/08/19 17:20:02.664, 61, 45, 52.63, 450.00, 0, 61308
2026-08-19T17:20:03,678478199-07:00,2026/08/19 17:20:03.705, 61, 44, 43.70, 450.00, 0, 61308
2026-08-19T17:20:04,721964618-07:00,2026/08/19 17:20:04.743, 61, 44, 32.37, 450.00, 0, 61308
2026-08-19T17:20:05,766120350-07:00,2026/08/19 17:20:05.789, 61, 44, 31.44, 450.00, 0, 61308
2026-08-19T17:20:06,805648373-07:00,2026/08/19 17:20:06.826, 60, 44, 34.28, 450.00, 0, 61308
2026-08-19T17:20:07,849948066-07:00,2026/08/19 17:20:07.869, 60, 44, 37.30, 450.00, 0, 61308
