2026-08-19T18:16:44,815603345-07:00,2026/08/19 18:16:44.842, 58, 40, 103.62, 450.00, 0, 61452
2026-08-19T18:16:45,855365137-07:00,2026/08/19 18:16:45.875, 58, 40, 103.23, 450.00, 0, 61452
2026-08-19T18:16:46,886988446-07:00,2026/08/19 18:16:46.907, 58, 40, 103.31, 450.00, 0, 61452
2026-08-19T18:16:47,922047238-07:00,2026/08/19 18:16:47.942, 57, 40, 103.38, 450.00, 0, 61452
2026-08-19T18:16:48,956890522-07:00,2026/08/19 18:16:48.976, 57, 40, 96.53, 450.00, 0, 61452
2026-08-19T18:16:49,988702005-07:00,2026/08/19 18:16:50.010, 56, 40, 83.50, 450.00, 0, 61452
2026-08-19T18:16:51,024185878-07:00,2026/08/19 18:16:51.036, 56, 40, 68.43, 450.00, 0, 61452
2026-08-19T18:16:52,050353194-07:00,2026/08/19 18:16:52.074, 56, 40, 43.14, 450.00, 0, 61452
2026-08-19T18:16:53,086390462-07:00,2026/08/19 18:16:53.100, 66, 40, 271.98, 450.00, 100, 61494
2026-08-19T18:16:54,110620629-07:00,2026/08/19 18:16:54.125, 67, 40, 448.59, 450.00, 100, 61494
2026-08-19T18:16:55,136168127-07:00,2026/08/19 18:16:55.149, 68, 39, 445.63, 450.00, 100, 61494
2026-08-19T18:16:56,158644943-07:00,2026/08/19 18:16:56.170, 69, 39, 453.51, 450.00, 82, 61494
2026-08-19T18:16:57,180987649-07:00,2026/08/19 18:16:57.194, 69, 39, 449.60, 450.00, 100, 61494
2026-08-19T18:16:58,204598931-07:00,2026/08/19 18:16:58.219, 69, 40, 449.75, 450.00, 100, 61494
2026-08-19T18:16:59,229638895-07:00,2026/08/19 18:16:59.243, 70, 40, 450.91, 450.00, 81, 61494
2026-08-19T18:17:00,253272634-07:00,2026/08/19 18:17:00.265, 70, 40, 449.99, 450.00, 100, 61494
2026-08-19T18:17:01,275824314-07:00,2026/08/19 18:17:01.290, 71, 40, 444.74, 450.00, 100, 61494
2026-08-19T18:17:02,300129816-07:00,2026/08/19 18:17:02.315, 71, 41, 444.60, 450.00, 100, 61494
2026-08-19T18:17:03,327322883-07:00,2026/08/19 18:17:03.341, 71, 41, 444.05, 450.00, 100, 61494
2026-08-19T18:17:04,351959235-07:00,2026/08/19 18:17:04.366, 72, 41, 450.20, 450.00, 100, 61494
2026-08-19T18:17:05,376838035-07:00,2026/08/19 18:17:05.390, 72, 42, 448.66, 450.00, 100, 61494
2026-08-19T18:17:06,400366230-07:00,2026/08/19 18:17:06.413, 70, 42, 449.53, 450.00, 81, 61494
2026-08-19T18:17:07,424133660-07:00,2026/08/19 18:17:07.438, 72, 42, 449.57, 450.00, 100, 61494
2026-08-19T18:17:08,449110954-07:00,2026/08/19 18:17:08.464, 72, 42, 449.41, 450.00, 100, 61494
2026-08-19T18:17:09,475477293-07:00,2026/08/19 18:17:09.489, 72, 42, 449.36, 450.00, 100, 61494
2026-08-19T18:17:10,501066162-07:00,2026/08/19 18:17:10.513, 72, 42, 449.21, 450.00, 100, 61494
2026-08-19T18:17:11,523627617-07:00,2026/08/19 18:17:11.536, 73, 43, 450.36, 450.00, 100, 61494
2026-08-19T18:17:12,546814079-07:00,2026/08/19 18:17:12.560, 73, 43, 449.81, 450.00, 100, 61494
2026-08-19T18:17:13,571747873-07:00,2026/08/19 18:17:13.586, 73, 43, 449.57, 450.00, 100, 61494
2026-08-19T18:17:14,597392176-07:00,2026/08/19 18:17:14.610, 74, 43, 449.30, 450.00, 100, 61494
2026-08-19T18:17:15,622958385-07:00,2026/08/19 18:17:15.637, 74, 43, 450.05, 450.00, 100, 61494
2026-08-19T18:17:16,650469806-07:00,2026/08/19 18:17:16.662, 75, 43, 449.03, 450.00, 95, 61494
2026-08-19T18:17:17,674647874-07:00,2026/08/19 18:17:17.689, 74, 44, 448.86, 450.00, 100, 61494
2026-08-19T18:17:18,700431573-07:00,2026/08/19 18:17:18.714, 74, 44, 444.81, 450.00, 100, 61494
2026-08-19T18:17:19,727094590-07:00,2026/08/19 18:17:19.744, 74, 44, 451.26, 450.00, 100, 61494
2026-08-19T18:17:20,757635452-07:00,2026/08/19 18:17:20.771, 75, 44, 449.75, 450.00, 100, 61494
2026-08-19T18:17:21,783347590-07:00,2026/08/19 18:17:21.797, 75, 44, 449.45, 450.00, 100, 61494
2026-08-19T18:17:22,809026436-07:00,2026/08/19 18:17:22.823, 75, 44, 450.00, 450.00, 100, 61494
2026-08-19T18:17:23,834596894-07:00,2026/08/19 18:17:23.847, 75, 44, 449.87, 450.00, 100, 61494
2026-08-19T18:17:24,859007857-07:00,2026/08/19 18:17:24.873, 75, 44, 449.18, 450.00, 100, 61494
2026-08-19T18:17:25,885567760-07:00,2026/08/19 18:17:25.898, 75, 44, 455.95, 450.00, 100, 61494
2026-08-19T18:17:26,911761795-07:00,2026/08/19 18:17:26.942, 76, 45, 449.48, 450.00, 100, 61494
2026-08-19T18:17:27,956072181-07:00,2026/08/19 18:17:27.968, 76, 45, 449.72, 450.00, 100, 61494
2026-08-19T18:17:28,981103411-07:00,2026/08/19 18:17:28.994, 76, 45, 449.26, 450.00, 100, 61494
2026-08-19T18:17:30,005507107-07:00,2026/08/19 18:17:30.021, 76, 45, 450.95, 450.00, 100, 61494
2026-08-19T18:17:31,033304055-07:00,2026/08/19 18:17:31.047, 76, 45, 458.87, 450.00, 100, 61494
2026-08-19T18:17:32,059314669-07:00,2026/08/19 18:17:32.070, 76, 45, 449.93, 450.00, 100, 61494
2026-08-19T18:17:33,082457764-07:00,2026/08/19 18:17:33.095, 78, 45, 449.88, 450.00, 95, 61494
2026-08-19T18:17:34,105609906-07:00,2026/08/19 18:17:34.120, 75, 45, 363.49, 450.00, 86, 61496
2026-08-19T18:17:35,135178453-07:00,2026/08/19 18:17:35.149, 76, 45, 456.54, 450.00, 96, 61496
2026-08-19T18:17:36,162819491-07:00,2026/08/19 18:17:36.176, 76, 45, 450.33, 450.00, 96, 61496
2026-08-19T18:17:37,190679458-07:00,2026/08/19 18:17:37.204, 75, 45, 449.34, 450.00, 96, 61496
2026-08-19T18:17:38,217020823-07:00,2026/08/19 18:17:38.231, 76, 45, 450.67, 450.00, 95, 61496
2026-08-19T18:17:39,243812886-07:00,2026/08/19 18:17:39.258, 76, 46, 449.54, 450.00, 95, 61496
2026-08-19T18:17:40,272547527-07:00,2026/08/19 18:17:40.287, 76, 46, 450.13, 450.00, 95, 61496
2026-08-19T18:17:41,300731505-07:00,2026/08/19 18:17:41.315, 76, 46, 450.10, 450.00, 94, 61496
2026-08-19T18:17:42,328398674-07:00,2026/08/19 18:17:42.343, 76, 46, 450.08, 450.00, 95, 61496
2026-08-19T18:17:43,356797739-07:00,2026/08/19 18:17:43.371, 77, 46, 450.53, 450.00, 95, 61496
2026-08-19T18:17:44,384992722-07:00,2026/08/19 18:17:44.397, 77, 46, 449.61, 450.00, 94, 61496
2026-08-19T18:17:45,411079243-07:00,2026/08/19 18:17:45.424, 76, 46, 450.07, 450.00, 95, 61496
2026-08-19T18:17:46,438601626-07:00,2026/08/19 18:17:46.452, 77, 46, 450.53, 450.00, 95, 61496
2026-08-19T18:17:47,466866856-07:00,2026/08/19 18:17:47.480, 77, 46, 450.15, 450.00, 94, 61496
2026-08-19T18:17:48,494074730-07:00,2026/08/19 18:17:48.509, 77, 46, 449.90, 450.00, 95, 61496
2026-08-19T18:17:49,522488739-07:00,2026/08/19 18:17:49.537, 77, 46, 450.24, 450.00, 95, 61496
2026-08-19T18:17:50,550955086-07:00,2026/08/19 18:17:50.565, 77, 46, 450.16, 450.00, 97, 61496
2026-08-19T18:17:51,577754903-07:00,2026/08/19 18:17:51.592, 77, 46, 449.87, 450.00, 95, 61496
2026-08-19T18:17:52,604032316-07:00,2026/08/19 18:17:52.616, 78, 46, 449.88, 450.00, 94, 61496
2026-08-19T18:17:53,631029304-07:00,2026/08/19 18:17:53.644, 77, 46, 449.85, 450.00, 96, 61496
2026-08-19T18:17:54,657227498-07:00,2026/08/19 18:17:54.672, 78, 46, 449.97, 450.00, 96, 61496
2026-08-19T18:17:55,684822124-07:00,2026/08/19 18:17:55.698, 78, 46, 449.78, 450.00, 99, 61496
2026-08-19T18:17:56,712032276-07:00,2026/08/19 18:17:56.726, 78, 46, 450.12, 450.00, 95, 61496
2026-08-19T18:17:57,739547332-07:00,2026/08/19 18:17:57.752, 78, 46, 450.50, 450.00, 94, 61496
2026-08-19T18:17:58,765701064-07:00,2026/08/19 18:17:58.778, 78, 46, 450.02, 450.00, 95, 61496
2026-08-19T18:17:59,791764940-07:00,2026/08/19 18:17:59.805, 78, 46, 450.02, 450.00, 95, 61496
2026-08-19T18:18:00,818256400-07:00,2026/08/19 18:18:00.832, 78, 46, 449.79, 450.00, 95, 61496
2026-08-19T18:18:01,844112182-07:00,2026/08/19 18:18:01.857, 78, 47, 450.00, 450.00, 95, 61496
2026-08-19T18:18:02,870510836-07:00,2026/08/19 18:18:02.885, 80, 47, 392.35, 450.00, 41, 61496
2026-08-19T18:18:03,894918515-07:00,2026/08/19 18:18:03.909, 79, 47, 448.87, 450.00, 100, 61496
2026-08-19T18:18:04,918490434-07:00,2026/08/19 18:18:04.933, 80, 47, 385.70, 450.00, 95, 61496
2026-08-19T18:18:05,948032925-07:00,2026/08/19 18:18:05.962, 78, 47, 451.41, 450.00, 94, 61496
2026-08-19T18:18:06,975162647-07:00,2026/08/19 18:18:06.990, 79, 47, 449.53, 450.00, 94, 61496
2026-08-19T18:18:08,002792011-07:00,2026/08/19 18:18:08.017, 79, 47, 450.14, 450.00, 92, 61496
2026-08-19T18:18:09,031733932-07:00,2026/08/19 18:18:09.044, 79, 47, 450.56, 450.00, 94, 61496
2026-08-19T18:18:10,058587349-07:00,2026/08/19 18:18:10.073, 79, 47, 449.72, 450.00, 95, 61496
2026-08-19T18:18:11,085804443-07:00,2026/08/19 18:18:11.100, 79, 47, 450.15, 450.00, 95, 61496
2026-08-19T18:18:12,112367250-07:00,2026/08/19 18:18:12.125, 79, 47, 449.46, 450.00, 96, 61496
2026-08-19T18:18:13,139802588-07:00,2026/08/19 18:18:13.155, 79, 47, 450.40, 450.00, 92, 61496
2026-08-19T18:18:14,169025658-07:00,2026/08/19 18:18:14.182, 79, 47, 449.84, 450.00, 94, 61496
2026-08-19T18:18:15,194610247-07:00,2026/08/19 18:18:15.208, 75, 47, 366.92, 450.00, 93, 61496
2026-08-19T18:18:16,218548206-07:00,2026/08/19 18:18:16.231, 79, 47, 417.33, 450.00, 95, 61496
2026-08-19T18:18:17,246409037-07:00,2026/08/19 18:18:17.265, 79, 47, 442.16, 450.00, 94, 61496
2026-08-19T18:18:18,274935829-07:00,2026/08/19 18:18:18.289, 80, 47, 348.56, 450.00, 100, 61496
2026-08-19T18:18:19,304425738-07:00,2026/08/19 18:18:19.316, 80, 47, 430.86, 450.00, 89, 61496
2026-08-19T18:18:20,329924885-07:00,2026/08/19 18:18:20.343, 79, 47, 449.91, 450.00, 95, 61496
2026-08-19T18:18:21,357310245-07:00,2026/08/19 18:18:21.371, 79, 47, 450.17, 450.00, 95, 61496
2026-08-19T18:18:22,385052957-07:00,2026/08/19 18:18:22.398, 79, 47, 449.81, 450.00, 94, 61496
2026-08-19T18:18:23,412020880-07:00,2026/08/19 18:18:23.426, 79, 47, 449.78, 450.00, 94, 61496
2026-08-19T18:18:24,440553109-07:00,2026/08/19 18:18:24.455, 79, 47, 450.45, 450.00, 95, 61496
2026-08-19T18:18:25,468776261-07:00,2026/08/19 18:18:25.481, 79, 47, 449.84, 450.00, 95, 61496
2026-08-19T18:18:26,493869104-07:00,2026/08/19 18:18:26.506, 79, 47, 450.24, 450.00, 96, 61496
2026-08-19T18:18:27,518645285-07:00,2026/08/19 18:18:27.533, 80, 48, 450.23, 450.00, 95, 61496
2026-08-19T18:18:28,546063209-07:00,2026/08/19 18:18:28.561, 80, 48, 449.84, 450.00, 95, 61496
2026-08-19T18:18:29,575231166-07:00,2026/08/19 18:18:29.589, 80, 48, 394.55, 450.00, 100, 61496
2026-08-19T18:18:30,599938085-07:00,2026/08/19 18:18:30.612, 75, 48, 362.14, 450.00, 59, 61498
2026-08-19T18:18:31,624324380-07:00,2026/08/19 18:18:31.639, 80, 48, 453.08, 450.00, 96, 61498
2026-08-19T18:18:32,651776171-07:00,2026/08/19 18:18:32.664, 80, 48, 450.14, 450.00, 96, 61498
2026-08-19T18:18:33,677797371-07:00,2026/08/19 18:18:33.690, 80, 48, 449.77, 450.00, 92, 61498
2026-08-19T18:18:34,702722834-07:00,2026/08/19 18:18:34.715, 80, 48, 450.28, 450.00, 94, 61498
2026-08-19T18:18:35,729132029-07:00,2026/08/19 18:18:35.743, 80, 48, 449.72, 450.00, 94, 61498
2026-08-19T18:18:36,757459755-07:00,2026/08/19 18:18:36.770, 80, 48, 450.00, 450.00, 95, 61498
2026-08-19T18:18:37,784078789-07:00,2026/08/19 18:18:37.797, 75, 48, 311.67, 450.00, 0, 61498
2026-08-19T18:18:38,805634896-07:00,2026/08/19 18:18:38.820, 80, 48, 345.07, 450.00, 94, 61498
2026-08-19T18:18:39,834310596-07:00,2026/08/19 18:18:39.849, 80, 48, 450.38, 450.00, 93, 61498
2026-08-19T18:18:40,861601032-07:00,2026/08/19 18:18:40.876, 80, 48, 450.38, 450.00, 93, 61498
2026-08-19T18:18:41,889302910-07:00,2026/08/19 18:18:41.904, 80, 48, 449.73, 450.00, 94, 61498
2026-08-19T18:18:42,917914696-07:00,2026/08/19 18:18:42.932, 80, 48, 449.66, 450.00, 93, 61498
2026-08-19T18:18:43,946988845-07:00,2026/08/19 18:18:43.961, 80, 48, 450.94, 450.00, 96, 61498
2026-08-19T18:18:44,973804482-07:00,2026/08/19 18:18:44.986, 80, 48, 450.02, 450.00, 95, 61498
2026-08-19T18:18:46,001146495-07:00,2026/08/19 18:18:46.016, 80, 48, 449.67, 450.00, 94, 61498
2026-08-19T18:18:47,029093259-07:00,2026/08/19 18:18:47.043, 80, 48, 450.66, 450.00, 95, 61498
2026-08-19T18:18:48,057218990-07:00,2026/08/19 18:18:48.072, 80, 48, 449.96, 450.00, 95, 61498
2026-08-19T18:18:49,084524694-07:00,2026/08/19 18:18:49.097, 80, 48, 450.02, 450.00, 94, 61498
2026-08-19T18:18:50,111416828-07:00,2026/08/19 18:18:50.127, 81, 48, 350.12, 450.00, 100, 61498
2026-08-19T18:18:51,140878124-07:00,2026/08/19 18:18:51.155, 80, 48, 417.59, 450.00, 93, 61498
2026-08-19T18:18:52,167795451-07:00,2026/08/19 18:18:52.181, 81, 48, 399.38, 450.00, 100, 61498
2026-08-19T18:18:53,192404964-07:00,2026/08/19 18:18:53.206, 81, 48, 448.77, 450.00, 93, 61498
2026-08-19T18:18:54,219651183-07:00,2026/08/19 18:18:54.233, 80, 48, 367.10, 450.00, 89, 61498
2026-08-19T18:18:55,249906356-07:00,2026/08/19 18:18:55.262, 80, 48, 466.71, 450.00, 94, 61498
2026-08-19T18:18:56,275193595-07:00,2026/08/19 18:18:56.290, 80, 48, 449.50, 450.00, 95, 61498
2026-08-19T18:18:57,305434472-07:00,2026/08/19 18:18:57.325, 80, 48, 449.88, 450.00, 95, 61498
2026-08-19T18:18:58,334915340-07:00,2026/08/19 18:18:58.347, 82, 48, 426.50, 450.00, 100, 61498
2026-08-19T18:18:59,359205081-07:00,2026/08/19 18:18:59.373, 82, 48, 450.82, 450.00, 100, 61498
2026-08-19T18:19:00,384792390-07:00,2026/08/19 18:19:00.397, 82, 48, 449.89, 450.00, 100, 61498
2026-08-19T18:19:01,407826895-07:00,2026/08/19 18:19:01.422, 82, 48, 450.85, 450.00, 100, 61498
2026-08-19T18:19:02,434555870-07:00,2026/08/19 18:19:02.447, 82, 48, 448.99, 450.00, 96, 61498
2026-08-19T18:19:03,457207504-07:00,2026/08/19 18:19:03.470, 82, 49, 456.31, 450.00, 100, 61498
2026-08-19T18:19:04,482865296-07:00,2026/08/19 18:19:04.497, 82, 49, 403.40, 450.00, 100, 61498
2026-08-19T18:19:05,509035814-07:00,2026/08/19 18:19:05.523, 81, 49, 415.37, 450.00, 93, 61498
2026-08-19T18:19:06,536536974-07:00,2026/08/19 18:19:06.549, 81, 49, 450.42, 450.00, 95, 61498
2026-08-19T18:19:07,563677590-07:00,2026/08/19 18:19:07.576, 80, 49, 450.52, 450.00, 95, 61498
2026-08-19T18:19:08,590456989-07:00,2026/08/19 18:19:08.605, 81, 49, 449.59, 450.00, 95, 61498
2026-08-19T18:19:09,619555042-07:00,2026/08/19 18:19:09.632, 81, 49, 450.38, 450.00, 95, 61498
2026-08-19T18:19:10,647768939-07:00,2026/08/19 18:19:10.669, 81, 49, 430.17, 450.00, 94, 61498
2026-08-19T18:19:11,681643687-07:00,2026/08/19 18:19:11.695, 81, 49, 407.44, 450.00, 100, 61498
2026-08-19T18:19:12,706587732-07:00,2026/08/19 18:19:12.718, 79, 49, 449.79, 450.00, 82, 61498
2026-08-19T18:19:13,729246862-07:00,2026/08/19 18:19:13.743, 84, 49, 397.72, 450.00, 100, 61498
2026-08-19T18:19:14,753162696-07:00,2026/08/19 18:19:14.768, 81, 49, 412.42, 450.00, 94, 61498
2026-08-19T18:19:15,782142261-07:00,2026/08/19 18:19:15.798, 81, 49, 449.95, 450.00, 96, 61498
2026-08-19T18:19:16,811719862-07:00,2026/08/19 18:19:16.824, 81, 49, 449.43, 450.00, 94, 61498
2026-08-19T18:19:17,838872201-07:00,2026/08/19 18:19:17.851, 81, 49, 449.31, 450.00, 93, 61498
2026-08-19T18:19:18,864985713-07:00,2026/08/19 18:19:18.879, 81, 49, 450.58, 450.00, 93, 61498
2026-08-19T18:19:19,894046854-07:00,2026/08/19 18:19:19.908, 81, 49, 450.25, 450.00, 93, 61498
2026-08-19T18:19:20,922338242-07:00,2026/08/19 18:19:20.935, 81, 49, 449.54, 450.00, 94, 61498
2026-08-19T18:19:21,951561799-07:00,2026/08/19 18:19:21.964, 81, 49, 449.77, 450.00, 94, 61498
2026-08-19T18:19:22,977980177-07:00,2026/08/19 18:19:22.992, 81, 49, 449.99, 450.00, 94, 61498
2026-08-19T18:19:24,005475424-07:00,2026/08/19 18:19:24.020, 81, 49, 450.25, 450.00, 95, 61498
2026-08-19T18:19:25,036850582-07:00,2026/08/19 18:19:25.061, 78, 49, 402.04, 450.00, 33, 61498
2026-08-19T18:19:26,070687624-07:00,2026/08/19 18:19:26.083, 82, 49, 291.64, 450.00, 87, 61498
2026-08-19T18:19:27,096989318-07:00,2026/08/19 18:19:27.111, 81, 49, 460.78, 450.00, 94, 61498
2026-08-19T18:19:28,123871226-07:00,2026/08/19 18:19:28.138, 81, 49, 450.54, 450.00, 95, 61498
2026-08-19T18:19:29,152058597-07:00,2026/08/19 18:19:29.166, 81, 49, 449.62, 450.00, 94, 61498
2026-08-19T18:19:30,181412110-07:00,2026/08/19 18:19:30.196, 81, 49, 449.67, 450.00, 96, 61498
2026-08-19T18:19:31,209784730-07:00,2026/08/19 18:19:31.224, 81, 49, 449.92, 450.00, 96, 61498
2026-08-19T18:19:32,238565038-07:00,2026/08/19 18:19:32.252, 81, 49, 450.08, 450.00, 94, 61498
2026-08-19T18:19:33,267667284-07:00,2026/08/19 18:19:33.281, 81, 49, 449.71, 450.00, 95, 61498
2026-08-19T18:19:34,294349417-07:00,2026/08/19 18:19:34.309, 81, 49, 449.87, 450.00, 95, 61498
2026-08-19T18:19:35,323040499-07:00,2026/08/19 18:19:35.337, 81, 49, 450.38, 450.00, 95, 61498
2026-08-19T18:19:36,351407660-07:00,2026/08/19 18:19:36.366, 81, 49, 450.29, 450.00, 95, 61498
2026-08-19T18:19:37,378734719-07:00,2026/08/19 18:19:37.393, 81, 49, 450.15, 450.00, 96, 61498
2026-08-19T18:19:38,407540487-07:00,2026/08/19 18:19:38.419, 82, 49, 449.76, 450.00, 97, 61498
2026-08-19T18:19:39,432484818-07:00,2026/08/19 18:19:39.447, 82, 49, 450.65, 450.00, 95, 61498
2026-08-19T18:19:40,461509072-07:00,2026/08/19 18:19:40.475, 82, 49, 449.77, 450.00, 96, 61498
2026-08-19T18:19:41,487133359-07:00,2026/08/19 18:19:41.499, 82, 49, 449.96, 450.00, 95, 61498
2026-08-19T18:19:42,512826901-07:00,2026/08/19 18:19:42.526, 81, 49, 450.49, 450.00, 96, 61498
2026-08-19T18:19:43,539252107-07:00,2026/08/19 18:19:43.552, 81, 49, 450.20, 450.00, 95, 61498
2026-08-19T18:19:44,566043838-07:00,2026/08/19 18:19:44.579, 82, 49, 449.83, 450.00, 95, 61498
2026-08-19T18:19:45,591589268-07:00,2026/08/19 18:19:45.606, 82, 49, 449.65, 450.00, 96, 61498
2026-08-19T18:19:46,621504271-07:00,2026/08/19 18:19:46.634, 82, 49, 449.14, 450.00, 95, 61498
2026-08-19T18:19:47,649539294-07:00,2026/08/19 18:19:47.665, 82, 49, 449.58, 450.00, 93, 61498
2026-08-19T18:19:48,682032860-07:00,2026/08/19 18:19:48.695, 78, 49, 370.26, 450.00, 29, 61498
2026-08-19T18:19:49,705476234-07:00,2026/08/19 18:19:49.719, 76, 49, 183.65, 450.00, 0, 61498
2026-08-19T18:19:50,727796236-07:00,2026/08/19 18:19:50.741, 75, 49, 163.86, 450.00, 74, 61498
2026-08-19T18:19:51,751017287-07:00,2026/08/19 18:19:51.763, 81, 49, 445.66, 450.00, 94, 61498
2026-08-19T18:19:52,775022464-07:00,2026/08/19 18:19:52.787, 76, 49, 262.39, 450.00, 67, 61498
2026-08-19T18:19:53,796005462-07:00,2026/08/19 18:19:53.810, 82, 49, 398.97, 450.00, 100, 61498
2026-08-19T18:19:54,821625390-07:00,2026/08/19 18:19:54.835, 76, 49, 399.26, 450.00, 9, 61500
2026-08-19T18:19:55,846252916-07:00,2026/08/19 18:19:55.860, 81, 49, 407.90, 450.00, 96, 61500
2026-08-19T18:19:56,874752375-07:00,2026/08/19 18:19:56.887, 81, 49, 452.91, 450.00, 97, 61500
2026-08-19T18:19:57,901595105-07:00,2026/08/19 18:19:57.916, 81, 49, 449.57, 450.00, 96, 61500
2026-08-19T18:19:58,929187122-07:00,2026/08/19 18:19:58.942, 81, 49, 381.86, 450.00, 94, 61500
2026-08-19T18:19:59,954445724-07:00,2026/08/19 18:19:59.979, 75, 49, 185.10, 450.00, 0, 61500
2026-08-19T18:20:00,990058341-07:00,2026/08/19 18:20:01.004, 74, 49, 133.34, 450.00, 59, 61500
2026-08-19T18:20:02,014097340-07:00,2026/08/19 18:20:02.028, 80, 49, 407.17, 450.00, 96, 61500
2026-08-19T18:20:03,042742923-07:00,2026/08/19 18:20:03.057, 80, 49, 450.55, 450.00, 96, 61500
2026-08-19T18:20:04,075630035-07:00,2026/08/19 18:20:04.111, 76, 49, 397.46, 450.00, 16, 61500
2026-08-19T18:20:05,124807365-07:00,2026/08/19 18:20:05.136, 81, 49, 360.47, 450.00, 100, 61500
2026-08-19T18:20:06,149539761-07:00,2026/08/19 18:20:06.161, 80, 49, 454.80, 450.00, 95, 61500
2026-08-19T18:20:07,175661135-07:00,2026/08/19 18:20:07.187, 81, 49, 363.40, 450.00, 100, 61500
2026-08-19T18:20:08,195931243-07:00,2026/08/19 18:20:08.210, 78, 49, 370.54, 450.00, 47, 61500
2026-08-19T18:20:09,227223632-07:00,2026/08/19 18:20:09.242, 80, 49, 451.75, 450.00, 94, 61500
2026-08-19T18:20:10,256487948-07:00,2026/08/19 18:20:10.269, 81, 49, 380.10, 450.00, 100, 61500
2026-08-19T18:20:11,280894235-07:00,2026/08/19 18:20:11.293, 81, 49, 345.07, 450.00, 100, 61500
2026-08-19T18:20:12,310404650-07:00,2026/08/19 18:20:12.325, 80, 49, 464.16, 450.00, 96, 61500
2026-08-19T18:20:13,340325836-07:00,2026/08/19 18:20:13.355, 81, 49, 314.71, 450.00, 100, 61500
2026-08-19T18:20:14,366043697-07:00,2026/08/19 18:20:14.380, 78, 49, 409.36, 450.00, 51, 61500
2026-08-19T18:20:15,393395478-07:00,2026/08/19 18:20:15.408, 80, 49, 450.54, 450.00, 96, 61500
2026-08-19T18:20:16,422009087-07:00,2026/08/19 18:20:16.436, 80, 49, 450.58, 450.00, 94, 61500
2026-08-19T18:20:17,450115434-07:00,2026/08/19 18:20:17.465, 80, 49, 450.14, 450.00, 97, 61500
2026-08-19T18:20:18,479597034-07:00,2026/08/19 18:20:18.492, 81, 49, 450.30, 450.00, 95, 61500
2026-08-19T18:20:19,506751392-07:00,2026/08/19 18:20:19.519, 80, 49, 449.64, 450.00, 94, 61500
2026-08-19T18:20:20,533237135-07:00,2026/08/19 18:20:20.548, 80, 49, 450.01, 450.00, 95, 61500
2026-08-19T18:20:21,564352669-07:00,2026/08/19 18:20:21.584, 75, 49, 259.79, 450.00, 0, 61500
2026-08-19T18:20:22,598270544-07:00,2026/08/19 18:20:22.612, 74, 49, 167.56, 450.00, 26, 61500
2026-08-19T18:20:23,622600255-07:00,2026/08/19 18:20:23.636, 79, 49, 441.76, 450.00, 94, 61500
2026-08-19T18:20:24,649242541-07:00,2026/08/19 18:20:24.663, 80, 49, 449.96, 450.00, 95, 61500
2026-08-19T18:20:25,676113360-07:00,2026/08/19 18:20:25.691, 80, 49, 450.01, 450.00, 96, 61500
2026-08-19T18:20:26,705723190-07:00,2026/08/19 18:20:26.719, 80, 49, 450.13, 450.00, 95, 61500
2026-08-19T18:20:27,732049870-07:00,2026/08/19 18:20:27.746, 80, 49, 449.91, 450.00, 95, 61500
2026-08-19T18:20:28,760103706-07:00,2026/08/19 18:20:28.774, 81, 49, 450.18, 450.00, 95, 61500
2026-08-19T18:20:29,789463251-07:00,2026/08/19 18:20:29.802, 80, 49, 450.06, 450.00, 94, 61500
2026-08-19T18:20:30,814770166-07:00,2026/08/19 18:20:30.826, 80, 49, 450.27, 450.00, 95, 61500
2026-08-19T18:20:31,839780040-07:00,2026/08/19 18:20:31.852, 81, 49, 450.20, 450.00, 94, 61500
2026-08-19T18:20:32,866392444-07:00,2026/08/19 18:20:32.880, 81, 49, 449.94, 450.00, 94, 61500
2026-08-19T18:20:33,894755414-07:00,2026/08/19 18:20:33.909, 81, 49, 449.95, 450.00, 94, 61500
2026-08-19T18:20:34,922956749-07:00,2026/08/19 18:20:34.937, 81, 49, 449.80, 450.00, 94, 61500
2026-08-19T18:20:35,950678724-07:00,2026/08/19 18:20:35.965, 81, 49, 449.58, 450.00, 92, 61500
2026-08-19T18:20:36,979524984-07:00,2026/08/19 18:20:36.994, 81, 49, 450.16, 450.00, 93, 61500
2026-08-19T18:20:38,006321829-07:00,2026/08/19 18:20:38.021, 81, 49, 449.93, 450.00, 94, 61500
2026-08-19T18:20:39,034915656-07:00,2026/08/19 18:20:39.049, 81, 49, 449.99, 450.00, 94, 61500
2026-08-19T18:20:40,062522951-07:00,2026/08/19 18:20:40.077, 76, 49, 286.02, 450.00, 9, 61500
2026-08-19T18:20:41,093538596-07:00,2026/08/19 18:20:41.131, 80, 49, 403.37, 450.00, 94, 61500
2026-08-19T18:20:42,149732434-07:00,2026/08/19 18:20:42.164, 81, 49, 449.68, 450.00, 95, 61500
2026-08-19T18:20:43,179095989-07:00,2026/08/19 18:20:43.193, 81, 49, 450.27, 450.00, 95, 61500
2026-08-19T18:20:44,206750704-07:00,2026/08/19 18:20:44.222, 76, 49, 299.86, 450.00, 0, 61500
2026-08-19T18:20:45,230820103-07:00,2026/08/19 18:20:45.243, 80, 49, 400.58, 450.00, 93, 61500
2026-08-19T18:20:46,256552230-07:00,2026/08/19 18:20:46.268, 81, 49, 449.93, 450.00, 94, 61500
2026-08-19T18:20:47,282810397-07:00,2026/08/19 18:20:47.297, 81, 49, 450.27, 450.00, 95, 61500
2026-08-19T18:20:48,309812330-07:00,2026/08/19 18:20:48.323, 81, 49, 449.46, 450.00, 94, 61500
2026-08-19T18:20:49,336829748-07:00,2026/08/19 18:20:49.351, 81, 49, 450.09, 450.00, 94, 61500
2026-08-19T18:20:50,365018959-07:00,2026/08/19 18:20:50.380, 81, 49, 449.68, 450.00, 95, 61500
2026-08-19T18:20:51,393558002-07:00,2026/08/19 18:20:51.406, 81, 49, 449.69, 450.00, 96, 61500
2026-08-19T18:20:52,420417578-07:00,2026/08/19 18:20:52.433, 81, 49, 450.46, 450.00, 94, 61500
2026-08-19T18:20:53,447033805-07:00,2026/08/19 18:20:53.461, 81, 49, 449.47, 450.00, 94, 61500
2026-08-19T18:20:54,477823387-07:00,2026/08/19 18:20:54.503, 77, 49, 414.29, 450.00, 0, 61500
2026-08-19T18:20:55,514580857-07:00,2026/08/19 18:20:55.528, 84, 49, 220.49, 450.00, 100, 61500
2026-08-19T18:20:56,539596714-07:00,2026/08/19 18:20:56.554, 83, 49, 451.86, 450.00, 100, 61500
2026-08-19T18:20:57,564924451-07:00,2026/08/19 18:20:57.579, 81, 49, 449.17, 450.00, 89, 61500
2026-08-19T18:20:58,589259270-07:00,2026/08/19 18:20:58.602, 83, 49, 453.12, 450.00, 100, 61500
2026-08-19T18:20:59,611639203-07:00,2026/08/19 18:20:59.625, 84, 49, 449.77, 450.00, 100, 61500
2026-08-19T18:21:00,635730419-07:00,2026/08/19 18:21:00.650, 83, 49, 450.15, 450.00, 100, 61500
2026-08-19T18:21:01,662516699-07:00,2026/08/19 18:21:01.676, 84, 49, 449.45, 450.00, 100, 61500
2026-08-19T18:21:02,687119081-07:00,2026/08/19 18:21:02.701, 84, 50, 449.42, 450.00, 100, 61500
2026-08-19T18:21:03,711151240-07:00,2026/08/19 18:21:03.725, 83, 50, 441.67, 450.00, 87, 61500
2026-08-19T18:21:04,734757900-07:00,2026/08/19 18:21:04.749, 85, 50, 428.23, 450.00, 100, 61566
2026-08-19T18:21:05,764864901-07:00,2026/08/19 18:21:05.779, 82, 50, 446.45, 450.00, 96, 61566
2026-08-19T18:21:06,791514489-07:00,2026/08/19 18:21:06.805, 82, 50, 449.93, 450.00, 96, 61566
2026-08-19T18:21:07,817132183-07:00,2026/08/19 18:21:07.831, 82, 50, 450.28, 450.00, 96, 61566
2026-08-19T18:21:08,844310686-07:00,2026/08/19 18:21:08.857, 82, 50, 449.98, 450.00, 96, 61566
2026-08-19T18:21:09,869406066-07:00,2026/08/19 18:21:09.884, 82, 50, 450.10, 450.00, 95, 61566
2026-08-19T18:21:10,896951962-07:00,2026/08/19 18:21:10.911, 82, 50, 449.99, 450.00, 95, 61566
2026-08-19T18:21:11,923039986-07:00,2026/08/19 18:21:11.935, 82, 50, 450.62, 450.00, 95, 61566
2026-08-19T18:21:12,947649595-07:00,2026/08/19 18:21:12.959, 82, 50, 449.83, 450.00, 96, 61566
2026-08-19T18:21:13,972508784-07:00,2026/08/19 18:21:13.987, 82, 50, 449.69, 450.00, 95, 61566
2026-08-19T18:21:14,999333055-07:00,2026/08/19 18:21:15.014, 82, 50, 449.83, 450.00, 94, 61566
2026-08-19T18:21:16,025676244-07:00,2026/08/19 18:21:16.039, 82, 50, 450.24, 450.00, 94, 61566
2026-08-19T18:21:17,050733694-07:00,2026/08/19 18:21:17.065, 82, 50, 449.79, 450.00, 93, 61566
2026-08-19T18:21:18,073971516-07:00,2026/08/19 18:21:18.088, 83, 50, 424.82, 450.00, 76, 61566
2026-08-19T18:21:19,098892774-07:00,2026/08/19 18:21:19.113, 84, 50, 449.00, 450.00, 100, 61566
2026-08-19T18:21:20,123555789-07:00,2026/08/19 18:21:20.138, 84, 50, 442.91, 450.00, 100, 61566
2026-08-19T18:21:21,148979485-07:00,2026/08/19 18:21:21.161, 85, 50, 449.26, 450.00, 82, 61566
2026-08-19T18:21:22,170853680-07:00,2026/08/19 18:21:22.184, 84, 50, 449.88, 450.00, 100, 61566
2026-08-19T18:21:23,194745077-07:00,2026/08/19 18:21:23.208, 85, 50, 449.95, 450.00, 100, 61566
2026-08-19T18:21:24,218914791-07:00,2026/08/19 18:21:24.230, 85, 50, 451.16, 450.00, 100, 61566
2026-08-19T18:21:25,242365142-07:00,2026/08/19 18:21:25.256, 83, 50, 452.82, 450.00, 82, 61566
2026-08-19T18:21:26,266418204-07:00,2026/08/19 18:21:26.278, 85, 50, 443.27, 450.00, 100, 61568
2026-08-19T18:21:27,289034417-07:00,2026/08/19 18:21:27.300, 85, 50, 449.29, 450.00, 100, 61568
2026-08-19T18:21:28,310758651-07:00,2026/08/19 18:21:28.325, 83, 51, 435.55, 450.00, 91, 61568
2026-08-19T18:21:29,337324522-07:00,2026/08/19 18:21:29.350, 83, 51, 451.48, 450.00, 94, 61568
2026-08-19T18:21:30,362416634-07:00,2026/08/19 18:21:30.376, 83, 51, 450.36, 450.00, 93, 61568
2026-08-19T18:21:31,386893919-07:00,2026/08/19 18:21:31.401, 82, 51, 449.56, 450.00, 92, 61568
2026-08-19T18:21:32,413711757-07:00,2026/08/19 18:21:32.425, 83, 51, 450.08, 450.00, 94, 61568
2026-08-19T18:21:33,437596220-07:00,2026/08/19 18:21:33.449, 83, 51, 450.11, 450.00, 94, 61568
2026-08-19T18:21:34,462869871-07:00,2026/08/19 18:21:34.475, 82, 51, 449.64, 450.00, 91, 61568
2026-08-19T18:21:35,488596321-07:00,2026/08/19 18:21:35.500, 82, 51, 449.57, 450.00, 91, 61568
2026-08-19T18:21:36,512788164-07:00,2026/08/19 18:21:36.525, 82, 51, 450.20, 450.00, 93, 61568
2026-08-19T18:21:37,537148907-07:00,2026/08/19 18:21:37.551, 77, 51, 248.28, 450.00, 0, 61568
2026-08-19T18:21:38,560561274-07:00,2026/08/19 18:21:38.574, 82, 51, 400.43, 450.00, 80, 61568
2026-08-19T18:21:39,585477135-07:00,2026/08/19 18:21:39.599, 84, 51, 454.51, 450.00, 100, 61568
2026-08-19T18:21:40,610975795-07:00,2026/08/19 18:21:40.626, 84, 51, 444.91, 450.00, 100, 61568
2026-08-19T18:21:41,638434324-07:00,2026/08/19 18:21:41.652, 85, 51, 449.10, 450.00, 82, 61568
2026-08-19T18:21:42,665010749-07:00,2026/08/19 18:21:42.678, 85, 51, 450.45, 450.00, 100, 61568
2026-08-19T18:21:43,688652728-07:00,2026/08/19 18:21:43.700, 85, 51, 449.98, 450.00, 100, 61568
2026-08-19T18:21:44,711300802-07:00,2026/08/19 18:21:44.726, 85, 51, 449.24, 450.00, 100, 61568
2026-08-19T18:21:45,742024708-07:00,2026/08/19 18:21:45.754, 83, 51, 454.61, 450.00, 87, 61568
2026-08-19T18:21:46,765217251-07:00,2026/08/19 18:21:46.777, 85, 51, 449.29, 450.00, 100, 61568
2026-08-19T18:21:47,787842583-07:00,2026/08/19 18:21:47.801, 85, 51, 449.92, 450.00, 100, 61568
2026-08-19T18:21:48,812552001-07:00,2026/08/19 18:21:48.825, 87, 51, 443.56, 450.00, 100, 61568
2026-08-19T18:21:49,835995814-07:00,2026/08/19 18:21:49.848, 85, 51, 450.35, 450.00, 100, 61568
2026-08-19T18:21:50,858950003-07:00,2026/08/19 18:21:50.873, 85, 51, 449.40, 450.00, 100, 61568
2026-08-19T18:21:51,885388745-07:00,2026/08/19 18:21:51.899, 85, 51, 449.71, 450.00, 100, 61568
2026-08-19T18:21:52,909237190-07:00,2026/08/19 18:21:52.923, 85, 51, 449.64, 450.00, 100, 61568
2026-08-19T18:21:53,934249517-07:00,2026/08/19 18:21:53.948, 84, 51, 449.96, 450.00, 100, 61568
2026-08-19T18:21:54,959366036-07:00,2026/08/19 18:21:54.973, 84, 51, 450.62, 450.00, 100, 61568
2026-08-19T18:21:55,983635462-07:00,2026/08/19 18:21:55.997, 84, 51, 449.19, 450.00, 100, 61568
2026-08-19T18:21:57,009811750-07:00,2026/08/19 18:21:57.024, 84, 51, 449.21, 450.00, 100, 61568
2026-08-19T18:21:58,034670953-07:00,2026/08/19 18:21:58.046, 84, 51, 450.52, 450.00, 100, 61568
2026-08-19T18:21:59,057228009-07:00,2026/08/19 18:21:59.070, 84, 51, 449.74, 450.00, 100, 61568
2026-08-19T18:22:00,080730723-07:00,2026/08/19 18:22:00.093, 84, 51, 449.51, 450.00, 100, 61568
2026-08-19T18:22:01,105064589-07:00,2026/08/19 18:22:01.119, 82, 51, 450.72, 450.00, 80, 61568
2026-08-19T18:22:02,130642928-07:00,2026/08/19 18:22:02.143, 84, 51, 445.77, 450.00, 100, 61568
2026-08-19T18:22:03,155260382-07:00,2026/08/19 18:22:03.169, 84, 51, 450.24, 450.00, 100, 61568
2026-08-19T18:22:04,180609002-07:00,2026/08/19 18:22:04.193, 84, 51, 450.00, 450.00, 100, 61568
2026-08-19T18:22:05,203489681-07:00,2026/08/19 18:22:05.217, 84, 51, 448.92, 450.00, 100, 61568
2026-08-19T18:22:06,228988919-07:00,2026/08/19 18:22:06.243, 84, 51, 450.07, 450.00, 100, 61568
2026-08-19T18:22:07,255130696-07:00,2026/08/19 18:22:07.267, 81, 51, 450.20, 450.00, 85, 61568
2026-08-19T18:22:08,278208522-07:00,2026/08/19 18:22:08.292, 84, 51, 443.01, 450.00, 100, 61568
2026-08-19T18:22:09,305394531-07:00,2026/08/19 18:22:09.319, 84, 51, 449.32, 450.00, 100, 61568
2026-08-19T18:22:10,330958362-07:00,2026/08/19 18:22:10.345, 85, 51, 449.96, 450.00, 100, 61568
2026-08-19T18:22:11,357926088-07:00,2026/08/19 18:22:11.372, 86, 51, 449.80, 450.00, 95, 61568
2026-08-19T18:22:12,382758475-07:00,2026/08/19 18:22:12.395, 84, 51, 448.82, 450.00, 100, 61568
2026-08-19T18:22:13,407057908-07:00,2026/08/19 18:22:13.421, 84, 51, 452.58, 450.00, 100, 61568
2026-08-19T18:22:14,432747667-07:00,2026/08/19 18:22:14.447, 84, 51, 450.08, 450.00, 100, 61568
2026-08-19T18:22:15,457826493-07:00,2026/08/19 18:22:15.472, 84, 51, 449.36, 450.00, 100, 61568
2026-08-19T18:22:16,484257100-07:00,2026/08/19 18:22:16.497, 84, 51, 449.16, 450.00, 100, 61568
2026-08-19T18:22:17,509047603-07:00,2026/08/19 18:22:17.523, 84, 51, 449.95, 450.00, 100, 61568
2026-08-19T18:22:18,533787822-07:00,2026/08/19 18:22:18.545, 84, 51, 449.61, 450.00, 100, 61568
2026-08-19T18:22:19,556084931-07:00,2026/08/19 18:22:19.570, 84, 51, 449.49, 450.00, 100, 61568
2026-08-19T18:22:20,581904251-07:00,2026/08/19 18:22:20.595, 84, 51, 443.86, 450.00, 100, 61568
2026-08-19T18:22:21,606028914-07:00,2026/08/19 18:22:21.620, 84, 51, 456.14, 450.00, 100, 61568
2026-08-19T18:22:22,631572009-07:00,2026/08/19 18:22:22.645, 84, 51, 449.74, 450.00, 100, 61568
2026-08-19T18:22:23,657234724-07:00,2026/08/19 18:22:23.671, 84, 51, 449.13, 450.00, 100, 61568
2026-08-19T18:22:24,683993890-07:00,2026/08/19 18:22:24.698, 84, 51, 449.36, 450.00, 100, 61568
2026-08-19T18:22:25,708816596-07:00,2026/08/19 18:22:25.723, 84, 51, 451.27, 450.00, 100, 61568
2026-08-19T18:22:26,734114558-07:00,2026/08/19 18:22:26.748, 84, 51, 448.33, 450.00, 100, 61568
2026-08-19T18:22:27,759178406-07:00,2026/08/19 18:22:27.773, 84, 51, 451.24, 450.00, 100, 61568
2026-08-19T18:22:28,785250541-07:00,2026/08/19 18:22:28.799, 84, 51, 450.11, 450.00, 100, 61568
2026-08-19T18:22:29,811235959-07:00,2026/08/19 18:22:29.823, 84, 51, 448.68, 450.00, 100, 61568
2026-08-19T18:22:30,835666734-07:00,2026/08/19 18:22:30.848, 82, 51, 449.81, 450.00, 100, 61568
2026-08-19T18:22:31,861042342-07:00,2026/08/19 18:22:31.875, 84, 51, 450.49, 450.00, 100, 61568
2026-08-19T18:22:32,888094266-07:00,2026/08/19 18:22:32.902, 84, 51, 443.22, 450.00, 100, 61568
2026-08-19T18:22:33,913051771-07:00,2026/08/19 18:22:33.927, 84, 51, 449.61, 450.00, 100, 61568
2026-08-19T18:22:34,936985721-07:00,2026/08/19 18:22:34.951, 82, 51, 448.45, 450.00, 83, 61568
2026-08-19T18:22:35,963031932-07:00,2026/08/19 18:22:35.975, 85, 51, 451.25, 450.00, 100, 61568
2026-08-19T18:22:36,987404793-07:00,2026/08/19 18:22:37.001, 84, 51, 449.89, 450.00, 100, 61568
2026-08-19T18:22:38,013565403-07:00,2026/08/19 18:22:38.028, 85, 51, 448.76, 450.00, 100, 61568
2026-08-19T18:22:39,039751020-07:00,2026/08/19 18:22:39.054, 84, 51, 448.84, 450.00, 100, 61568
2026-08-19T18:22:40,066380976-07:00,2026/08/19 18:22:40.080, 84, 51, 452.04, 450.00, 100, 61568
2026-08-19T18:22:41,091336592-07:00,2026/08/19 18:22:41.103, 84, 51, 449.69, 450.00, 100, 61568
2026-08-19T18:22:42,116616017-07:00,2026/08/19 18:22:42.129, 84, 51, 451.34, 450.00, 100, 61568
2026-08-19T18:22:43,138763080-07:00,2026/08/19 18:22:43.150, 84, 51, 448.59, 450.00, 82, 61568
2026-08-19T18:22:44,162708423-07:00,2026/08/19 18:22:44.177, 84, 51, 450.75, 450.00, 100, 61568
2026-08-19T18:22:45,188768805-07:00,2026/08/19 18:22:45.201, 85, 51, 448.32, 450.00, 100, 61568
2026-08-19T18:22:46,211995866-07:00,2026/08/19 18:22:46.226, 84, 51, 451.35, 450.00, 100, 61568
2026-08-19T18:22:47,236834597-07:00,2026/08/19 18:22:47.250, 84, 51, 450.27, 450.00, 100, 61568
2026-08-19T18:22:48,263421519-07:00,2026/08/19 18:22:48.277, 84, 51, 441.94, 450.00, 100, 61568
2026-08-19T18:22:49,287596505-07:00,2026/08/19 18:22:49.302, 84, 51, 449.55, 450.00, 100, 61568
2026-08-19T18:22:50,313439459-07:00,2026/08/19 18:22:50.330, 84, 51, 449.57, 450.00, 100, 61568
2026-08-19T18:22:51,342755569-07:00,2026/08/19 18:22:51.357, 84, 51, 450.78, 450.00, 100, 61568
2026-08-19T18:22:52,369243568-07:00,2026/08/19 18:22:52.383, 86, 51, 447.19, 450.00, 96, 61568
2026-08-19T18:22:53,395960528-07:00,2026/08/19 18:22:53.409, 84, 51, 450.04, 450.00, 100, 61568
2026-08-19T18:22:54,421923441-07:00,2026/08/19 18:22:54.436, 86, 51, 400.84, 450.00, 100, 61568
2026-08-19T18:22:55,448084311-07:00,2026/08/19 18:22:55.462, 84, 51, 411.33, 450.00, 95, 61568
2026-08-19T18:22:56,476392528-07:00,2026/08/19 18:22:56.488, 83, 51, 449.81, 450.00, 92, 61568
2026-08-19T18:22:57,503792664-07:00,2026/08/19 18:22:57.522, 80, 51, 416.18, 450.00, 63, 61568
2026-08-19T18:22:58,537163514-07:00,2026/08/19 18:22:58.552, 82, 51, 295.60, 450.00, 72, 61568
2026-08-19T18:22:59,566302318-07:00,2026/08/19 18:22:59.580, 82, 51, 454.73, 450.00, 94, 61568
2026-08-19T18:23:00,594417678-07:00,2026/08/19 18:23:00.609, 83, 51, 449.75, 450.00, 96, 61568
2026-08-19T18:23:01,623062176-07:00,2026/08/19 18:23:01.635, 78, 51, 302.57, 450.00, 15, 61568
2026-08-19T18:23:02,649705348-07:00,2026/08/19 18:23:02.664, 83, 51, 414.59, 450.00, 94, 61568
2026-08-19T18:23:03,678354545-07:00,2026/08/19 18:23:03.693, 83, 51, 450.18, 450.00, 95, 61568
2026-08-19T18:23:04,707756671-07:00,2026/08/19 18:23:04.722, 82, 51, 450.75, 450.00, 93, 61568
2026-08-19T18:23:05,736111513-07:00,2026/08/19 18:23:05.750, 83, 51, 449.57, 450.00, 96, 61568
2026-08-19T18:23:06,764548022-07:00,2026/08/19 18:23:06.778, 78, 51, 388.22, 450.00, 0, 61568
2026-08-19T18:23:07,789711793-07:00,2026/08/19 18:23:07.802, 84, 51, 349.87, 450.00, 100, 61568
2026-08-19T18:23:08,818730367-07:00,2026/08/19 18:23:08.831, 82, 51, 454.94, 450.00, 96, 61568
2026-08-19T18:23:09,843542963-07:00,2026/08/19 18:23:09.858, 83, 51, 450.43, 450.00, 94, 61568
2026-08-19T18:23:10,872681107-07:00,2026/08/19 18:23:10.893, 77, 52, 208.56, 450.00, 0, 61568
2026-08-19T18:23:11,905670895-07:00,2026/08/19 18:23:11.925, 77, 52, 145.23, 450.00, 0, 61568
2026-08-19T18:23:12,934023265-07:00,2026/08/19 18:23:12.946, 76, 52, 144.36, 450.00, 0, 61568
2026-08-19T18:23:13,955118702-07:00,2026/08/19 18:23:13.968, 81, 52, 409.70, 450.00, 96, 61568
2026-08-19T18:23:14,981998601-07:00,2026/08/19 18:23:14.997, 81, 51, 449.80, 450.00, 97, 61568
2026-08-19T18:23:16,010649278-07:00,2026/08/19 18:23:16.025, 81, 51, 450.47, 450.00, 95, 61568
2026-08-19T18:23:17,037694116-07:00,2026/08/19 18:23:17.052, 82, 51, 449.73, 450.00, 95, 61568
2026-08-19T18:23:18,069870876-07:00,2026/08/19 18:23:18.089, 76, 51, 199.15, 450.00, 0, 61568
2026-08-19T18:23:19,102737272-07:00,2026/08/19 18:23:19.124, 76, 51, 142.67, 450.00, 0, 61568
2026-08-19T18:23:20,136054398-07:00,2026/08/19 18:23:20.150, 75, 51, 144.02, 450.00, 19, 61568
2026-08-19T18:23:21,160348745-07:00,2026/08/19 18:23:21.174, 80, 51, 438.91, 450.00, 96, 61568
2026-08-19T18:23:22,188829646-07:00,2026/08/19 18:23:22.203, 80, 51, 449.85, 450.00, 92, 61568
2026-08-19T18:23:23,218786858-07:00,2026/08/19 18:23:23.233, 81, 51, 450.45, 450.00, 93, 61568
2026-08-19T18:23:24,246964589-07:00,2026/08/19 18:23:24.260, 81, 51, 449.69, 450.00, 96, 61568
2026-08-19T18:23:25,274070751-07:00,2026/08/19 18:23:25.289, 81, 51, 449.96, 450.00, 94, 61568
2026-08-19T18:23:26,302644194-07:00,2026/08/19 18:23:26.317, 81, 51, 449.57, 450.00, 96, 61568
2026-08-19T18:23:27,329802290-07:00,2026/08/19 18:23:27.344, 81, 51, 450.18, 450.00, 94, 61568
2026-08-19T18:23:28,359189347-07:00,2026/08/19 18:23:28.373, 81, 51, 449.82, 450.00, 94, 61568
2026-08-19T18:23:29,387411446-07:00,2026/08/19 18:23:29.402, 81, 51, 450.25, 450.00, 94, 61568
2026-08-19T18:23:30,416411128-07:00,2026/08/19 18:23:30.431, 78, 51, 298.07, 450.00, 57, 61568
2026-08-19T18:23:31,443736715-07:00,2026/08/19 18:23:31.456, 81, 51, 388.40, 450.00, 95, 61568
2026-08-19T18:23:32,472685753-07:00,2026/08/19 18:23:32.487, 81, 51, 449.55, 450.00, 95, 61568
2026-08-19T18:23:33,502822150-07:00,2026/08/19 18:23:33.516, 81, 51, 450.46, 450.00, 94, 61568
2026-08-19T18:23:34,529601097-07:00,2026/08/19 18:23:34.544, 81, 51, 449.98, 450.00, 96, 61568
2026-08-19T18:23:35,558442392-07:00,2026/08/19 18:23:35.573, 81, 51, 449.85, 450.00, 94, 61568
2026-08-19T18:23:36,587830392-07:00,2026/08/19 18:23:36.599, 81, 51, 450.42, 450.00, 95, 61568
2026-08-19T18:23:37,611453345-07:00,2026/08/19 18:23:37.625, 82, 51, 449.96, 450.00, 94, 61568
2026-08-19T18:23:38,638719623-07:00,2026/08/19 18:23:38.653, 81, 51, 449.57, 450.00, 94, 61568
2026-08-19T18:23:39,669226046-07:00,2026/08/19 18:23:39.688, 76, 51, 289.30, 450.00, 0, 61568
2026-08-19T18:23:40,705678255-07:00,2026/08/19 18:23:40.728, 75, 51, 143.38, 450.00, 0, 61568
2026-08-19T18:23:41,739614350-07:00,2026/08/19 18:23:41.755, 75, 51, 177.18, 450.00, 56, 61568
2026-08-19T18:23:42,765130559-07:00,2026/08/19 18:23:42.778, 80, 51, 403.15, 450.00, 94, 61568
2026-08-19T18:23:43,792146509-07:00,2026/08/19 18:23:43.807, 81, 51, 449.54, 450.00, 96, 61568
2026-08-19T18:23:44,821232212-07:00,2026/08/19 18:23:44.836, 81, 51, 449.94, 450.00, 94, 61568
2026-08-19T18:23:45,849998445-07:00,2026/08/19 18:23:45.865, 81, 51, 450.16, 450.00, 96, 61568
2026-08-19T18:23:46,878701741-07:00,2026/08/19 18:23:46.892, 81, 51, 449.41, 450.00, 94, 61568
2026-08-19T18:23:47,904014451-07:00,2026/08/19 18:23:47.918, 81, 51, 450.14, 450.00, 95, 61568
2026-08-19T18:23:48,932428755-07:00,2026/08/19 18:23:48.946, 81, 51, 449.80, 450.00, 96, 61568
2026-08-19T18:23:49,960688835-07:00,2026/08/19 18:23:49.974, 75, 51, 225.08, 450.00, 0, 61568
2026-08-19T18:23:50,982559097-07:00,2026/08/19 18:23:50.999, 75, 51, 203.21, 450.00, 19, 61568
2026-08-19T18:23:52,015043281-07:00,2026/08/19 18:23:52.029, 80, 51, 459.73, 450.00, 93, 61568
2026-08-19T18:23:53,041835202-07:00,2026/08/19 18:23:53.055, 81, 51, 449.93, 450.00, 96, 61568
2026-08-19T18:23:54,068385657-07:00,2026/08/19 18:23:54.083, 81, 51, 450.00, 450.00, 94, 61568
2026-08-19T18:23:55,094819412-07:00,2026/08/19 18:23:55.108, 77, 51, 408.05, 450.00, 38, 61568
2026-08-19T18:23:56,118837105-07:00,2026/08/19 18:23:56.133, 80, 51, 308.32, 450.00, 84, 61568
2026-08-19T18:23:57,149238971-07:00,2026/08/19 18:23:57.164, 81, 51, 465.28, 450.00, 96, 61568
2026-08-19T18:23:58,178367416-07:00,2026/08/19 18:23:58.193, 81, 51, 451.99, 450.00, 96, 61568
2026-08-19T18:23:59,207300432-07:00,2026/08/19 18:23:59.221, 81, 51, 450.22, 450.00, 93, 61568
2026-08-19T18:24:00,238451855-07:00,2026/08/19 18:24:00.266, 81, 51, 408.30, 450.00, 93, 61568
2026-08-19T18:24:01,278587997-07:00,2026/08/19 18:24:01.293, 75, 51, 165.92, 450.00, 16, 61568
2026-08-19T18:24:02,307071129-07:00,2026/08/19 18:24:02.321, 80, 51, 457.89, 450.00, 94, 61568
2026-08-19T18:24:03,336564859-07:00,2026/08/19 18:24:03.351, 81, 51, 450.55, 450.00, 96, 61568
2026-08-19T18:24:04,365786090-07:00,2026/08/19 18:24:04.380, 81, 51, 450.23, 450.00, 95, 61568
2026-08-19T18:24:05,395036913-07:00,2026/08/19 18:24:05.409, 80, 51, 449.54, 450.00, 94, 61568
2026-08-19T18:24:06,425644029-07:00,2026/08/19 18:24:06.440, 81, 51, 450.22, 450.00, 94, 61568
2026-08-19T18:24:07,457052585-07:00,2026/08/19 18:24:07.477, 76, 51, 317.03, 450.00, 0, 61568
2026-08-19T18:24:08,486375706-07:00,2026/08/19 18:24:08.500, 75, 51, 204.01, 450.00, 33, 61568
2026-08-19T18:24:09,511587115-07:00,2026/08/19 18:24:09.524, 80, 51, 459.33, 450.00, 96, 61568
2026-08-19T18:24:10,538489130-07:00,2026/08/19 18:24:10.553, 81, 51, 449.88, 450.00, 94, 61568
2026-08-19T18:24:11,568214587-07:00,2026/08/19 18:24:11.581, 81, 51, 449.82, 450.00, 94, 61568
2026-08-19T18:24:12,592307516-07:00,2026/08/19 18:24:12.607, 80, 51, 449.96, 450.00, 94, 61568
2026-08-19T18:24:13,623887521-07:00,2026/08/19 18:24:13.643, 76, 51, 269.78, 450.00, 0, 61568
2026-08-19T18:24:14,657897858-07:00,2026/08/19 18:24:14.674, 82, 51, 189.10, 450.00, 86, 61568
2026-08-19T18:24:15,687322064-07:00,2026/08/19 18:24:15.700, 80, 51, 445.52, 450.00, 96, 61568
2026-08-19T18:24:16,713820771-07:00,2026/08/19 18:24:16.727, 80, 51, 450.75, 450.00, 92, 61568
2026-08-19T18:24:17,741493901-07:00,2026/08/19 18:24:17.756, 80, 51, 450.28, 450.00, 96, 61568
2026-08-19T18:24:18,769623247-07:00,2026/08/19 18:24:18.783, 81, 51, 449.72, 450.00, 96, 61568
2026-08-19T18:24:19,795051144-07:00,2026/08/19 18:24:19.810, 80, 51, 450.34, 450.00, 95, 61568
2026-08-19T18:24:20,822323071-07:00,2026/08/19 18:24:20.837, 81, 51, 449.89, 450.00, 95, 61568
2026-08-19T18:24:21,851622975-07:00,2026/08/19 18:24:21.866, 81, 51, 450.05, 450.00, 96, 61568
2026-08-19T18:24:22,880086627-07:00,2026/08/19 18:24:22.895, 81, 51, 449.67, 450.00, 94, 61568
2026-08-19T18:24:23,908545197-07:00,2026/08/19 18:24:23.923, 81, 51, 450.41, 450.00, 95, 61568
2026-08-19T18:24:24,936331738-07:00,2026/08/19 18:24:24.949, 81, 51, 449.83, 450.00, 95, 61568
2026-08-19T18:24:25,962565712-07:00,2026/08/19 18:24:25.979, 81, 51, 449.18, 450.00, 92, 61568
2026-08-19T18:24:26,992712623-07:00,2026/08/19 18:24:27.007, 81, 51, 449.64, 450.00, 94, 61568
2026-08-19T18:24:28,022034815-07:00,2026/08/19 18:24:28.036, 81, 51, 450.31, 450.00, 93, 61568
2026-08-19T18:24:29,054256403-07:00,2026/08/19 18:24:29.075, 77, 51, 363.77, 450.00, 0, 61568
2026-08-19T18:24:30,087033765-07:00,2026/08/19 18:24:30.104, 75, 51, 142.35, 450.00, 0, 61568
2026-08-19T18:24:31,118151114-07:00,2026/08/19 18:24:31.132, 80, 51, 403.60, 450.00, 94, 61568
2026-08-19T18:24:32,146870600-07:00,2026/08/19 18:24:32.161, 80, 51, 449.58, 450.00, 94, 61568
2026-08-19T18:24:33,177906642-07:00,2026/08/19 18:24:33.197, 81, 51, 432.46, 450.00, 95, 61568
2026-08-19T18:24:34,206569012-07:00,2026/08/19 18:24:34.221, 81, 51, 282.93, 450.00, 87, 61568
2026-08-19T18:24:35,235033979-07:00,2026/08/19 18:24:35.249, 80, 51, 450.31, 450.00, 96, 61568
2026-08-19T18:24:36,262878206-07:00,2026/08/19 18:24:36.276, 81, 51, 450.30, 450.00, 96, 61568
2026-08-19T18:24:37,290160332-07:00,2026/08/19 18:24:37.304, 81, 51, 450.17, 450.00, 96, 61568
2026-08-19T18:24:38,319452473-07:00,2026/08/19 18:24:38.334, 81, 51, 450.41, 450.00, 96, 61568
2026-08-19T18:24:39,345390911-07:00,2026/08/19 18:24:39.360, 81, 51, 450.28, 450.00, 95, 61568
2026-08-19T18:24:40,374554275-07:00,2026/08/19 18:24:40.389, 81, 51, 450.11, 450.00, 96, 61568
2026-08-19T18:24:41,403249975-07:00,2026/08/19 18:24:41.418, 81, 51, 449.95, 450.00, 95, 61568
2026-08-19T18:24:42,430299543-07:00,2026/08/19 18:24:42.445, 81, 51, 450.09, 450.00, 96, 61568
2026-08-19T18:24:43,460878253-07:00,2026/08/19 18:24:43.481, 75, 51, 192.57, 450.00, 0, 61568
2026-08-19T18:24:44,495128614-07:00,2026/08/19 18:24:44.515, 74, 51, 138.07, 450.00, 0, 61568
2026-08-19T18:24:45,524554249-07:00,2026/08/19 18:24:45.537, 74, 51, 132.96, 450.00, 0, 61568
2026-08-19T18:24:46,552965216-07:00,2026/08/19 18:24:46.566, 82, 51, 330.73, 450.00, 58, 61568
2026-08-19T18:24:47,582008749-07:00,2026/08/19 18:24:47.596, 81, 50, 419.70, 450.00, 94, 61568
2026-08-19T18:24:48,611041949-07:00,2026/08/19 18:24:48.624, 83, 50, 551.59, 450.00, 94, 61568
2026-08-19T18:24:49,639003354-07:00,2026/08/19 18:24:49.653, 75, 51, 468.02, 450.00, 68, 61568
2026-08-19T18:24:50,668851212-07:00,2026/08/19 18:24:50.683, 82, 51, 352.70, 450.00, 58, 61568
2026-08-19T18:24:51,697046827-07:00,2026/08/19 18:24:51.712, 81, 51, 415.32, 450.00, 95, 61568
2026-08-19T18:24:52,727366334-07:00,2026/08/19 18:24:52.743, 83, 51, 502.01, 450.00, 94, 61568
2026-08-19T18:24:53,759077454-07:00,2026/08/19 18:24:53.774, 83, 51, 566.45, 450.00, 94, 61568
2026-08-19T18:24:54,789561803-07:00,2026/08/19 18:24:54.802, 81, 51, 469.33, 450.00, 95, 61568
2026-08-19T18:24:55,817470622-07:00,2026/08/19 18:24:55.831, 83, 51, 491.64, 450.00, 95, 61568
2026-08-19T18:24:56,844788520-07:00,2026/08/19 18:24:56.859, 84, 51, 551.06, 450.00, 95, 61568
2026-08-19T18:24:57,873990239-07:00,2026/08/19 18:24:57.889, 81, 51, 503.01, 450.00, 95, 61568
2026-08-19T18:24:58,903997396-07:00,2026/08/19 18:24:58.918, 83, 51, 512.46, 450.00, 95, 61568
2026-08-19T18:24:59,933728160-07:00,2026/08/19 18:24:59.948, 83, 51, 525.29, 450.00, 95, 61568
2026-08-19T18:25:00,962779329-07:00,2026/08/19 18:25:00.977, 83, 51, 512.59, 450.00, 95, 61568
2026-08-19T18:25:01,992415202-07:00,2026/08/19 18:25:02.005, 83, 51, 497.72, 450.00, 94, 61568
2026-08-19T18:25:03,017722860-07:00,2026/08/19 18:25:03.032, 83, 51, 487.49, 450.00, 95, 61568
2026-08-19T18:25:04,046827291-07:00,2026/08/19 18:25:04.060, 82, 51, 463.65, 450.00, 95, 61568
2026-08-19T18:25:05,074257991-07:00,2026/08/19 18:25:05.088, 82, 51, 460.73, 450.00, 94, 61568
2026-08-19T18:25:06,100018675-07:00,2026/08/19 18:25:06.115, 83, 51, 458.21, 450.00, 95, 61568
2026-08-19T18:25:07,129169168-07:00,2026/08/19 18:25:07.144, 83, 51, 457.95, 450.00, 94, 61568
2026-08-19T18:25:08,158959989-07:00,2026/08/19 18:25:08.171, 83, 51, 460.62, 450.00, 95, 61568
2026-08-19T18:25:09,183218461-07:00,2026/08/19 18:25:09.199, 83, 51, 459.49, 450.00, 94, 61568
2026-08-19T18:25:10,212498700-07:00,2026/08/19 18:25:10.226, 83, 51, 457.72, 450.00, 94, 61568
2026-08-19T18:25:11,241297685-07:00,2026/08/19 18:25:11.253, 83, 51, 455.73, 450.00, 95, 61568
2026-08-19T18:25:12,267269997-07:00,2026/08/19 18:25:12.282, 82, 51, 454.10, 450.00, 95, 61568
2026-08-19T18:25:13,297543555-07:00,2026/08/19 18:25:13.312, 82, 51, 453.21, 450.00, 95, 61568
2026-08-19T18:25:14,326009707-07:00,2026/08/19 18:25:14.340, 82, 51, 452.65, 450.00, 95, 61568
2026-08-19T18:25:15,354792576-07:00,2026/08/19 18:25:15.368, 82, 51, 452.68, 450.00, 95, 61568
2026-08-19T18:25:16,382153454-07:00,2026/08/19 18:25:16.397, 83, 51, 451.67, 450.00, 95, 61568
2026-08-19T18:25:17,411477221-07:00,2026/08/19 18:25:17.425, 83, 51, 452.45, 450.00, 95, 61568
2026-08-19T18:25:18,439739931-07:00,2026/08/19 18:25:18.453, 82, 51, 450.93, 450.00, 95, 61568
2026-08-19T18:25:19,466724010-07:00,2026/08/19 18:25:19.481, 83, 51, 447.99, 450.00, 94, 61568
2026-08-19T18:25:20,495266691-07:00,2026/08/19 18:25:20.510, 83, 51, 448.89, 450.00, 95, 61568
2026-08-19T18:25:21,526621253-07:00,2026/08/19 18:25:21.538, 83, 51, 449.86, 450.00, 95, 61568
2026-08-19T18:25:22,552510369-07:00,2026/08/19 18:25:22.567, 83, 51, 450.49, 450.00, 95, 61568
2026-08-19T18:25:23,581164634-07:00,2026/08/19 18:25:23.596, 83, 51, 448.68, 450.00, 94, 61568
2026-08-19T18:25:24,609794189-07:00,2026/08/19 18:25:24.622, 82, 51, 449.37, 450.00, 94, 61568
2026-08-19T18:25:25,636337679-07:00,2026/08/19 18:25:25.651, 78, 51, 427.68, 450.00, 80, 61568
2026-08-19T18:25:26,664379712-07:00,2026/08/19 18:25:26.678, 82, 51, 274.14, 450.00, 49, 61568
2026-08-19T18:25:27,693065447-07:00,2026/08/19 18:25:27.708, 83, 51, 384.58, 450.00, 94, 61568
2026-08-19T18:25:28,724809997-07:00,2026/08/19 18:25:28.737, 84, 51, 496.35, 450.00, 93, 61568
2026-08-19T18:25:29,751206686-07:00,2026/08/19 18:25:29.766, 84, 51, 497.02, 450.00, 94, 61568
2026-08-19T18:25:30,780117031-07:00,2026/08/19 18:25:30.794, 84, 51, 497.27, 450.00, 94, 61568
2026-08-19T18:25:31,809726584-07:00,2026/08/19 18:25:31.824, 84, 51, 491.38, 450.00, 95, 61568
2026-08-19T18:25:32,838714942-07:00,2026/08/19 18:25:32.853, 83, 51, 448.62, 450.00, 95, 61568
2026-08-19T18:25:33,867157262-07:00,2026/08/19 18:25:33.881, 83, 51, 445.04, 450.00, 95, 61568
2026-08-19T18:25:34,893770203-07:00,2026/08/19 18:25:34.908, 83, 51, 441.78, 450.00, 95, 61568
2026-08-19T18:25:35,921452519-07:00,2026/08/19 18:25:35.935, 82, 51, 448.87, 450.00, 94, 61568
2026-08-19T18:25:36,949480153-07:00,2026/08/19 18:25:36.964, 83, 51, 456.46, 450.00, 95, 61568
2026-08-19T18:25:37,977766779-07:00,2026/08/19 18:25:37.990, 83, 51, 457.91, 450.00, 95, 61568
2026-08-19T18:25:39,004927083-07:00,2026/08/19 18:25:39.019, 83, 51, 455.66, 450.00, 95, 61568
2026-08-19T18:25:40,032937805-07:00,2026/08/19 18:25:40.048, 83, 51, 450.09, 450.00, 94, 61568
2026-08-19T18:25:41,060602748-07:00,2026/08/19 18:25:41.075, 83, 51, 448.28, 450.00, 94, 61568
2026-08-19T18:25:42,089780642-07:00,2026/08/19 18:25:42.103, 83, 51, 447.10, 450.00, 94, 61568
2026-08-19T18:25:43,115523049-07:00,2026/08/19 18:25:43.129, 83, 51, 448.40, 450.00, 94, 61568
2026-08-19T18:25:44,146122052-07:00,2026/08/19 18:25:44.161, 83, 51, 450.49, 450.00, 95, 61568
2026-08-19T18:25:45,175250881-07:00,2026/08/19 18:25:45.188, 83, 51, 450.98, 450.00, 94, 61568
2026-08-19T18:25:46,202337802-07:00,2026/08/19 18:25:46.216, 83, 51, 452.61, 450.00, 95, 61568
2026-08-19T18:25:47,228865560-07:00,2026/08/19 18:25:47.243, 83, 51, 450.92, 450.00, 94, 61568
2026-08-19T18:25:48,256104473-07:00,2026/08/19 18:25:48.271, 83, 51, 447.62, 450.00, 94, 61568
2026-08-19T18:25:49,283833522-07:00,2026/08/19 18:25:49.299, 83, 51, 449.50, 450.00, 94, 61568
2026-08-19T18:25:50,312891809-07:00,2026/08/19 18:25:50.325, 83, 51, 449.53, 450.00, 94, 61568
2026-08-19T18:25:51,338442834-07:00,2026/08/19 18:25:51.352, 83, 51, 449.02, 450.00, 94, 61568
2026-08-19T18:25:52,363814993-07:00,2026/08/19 18:25:52.379, 83, 51, 451.71, 450.00, 95, 61568
2026-08-19T18:25:53,394183458-07:00,2026/08/19 18:25:53.406, 83, 51, 451.23, 450.00, 94, 61568
2026-08-19T18:25:54,420816025-07:00,2026/08/19 18:25:54.433, 83, 51, 452.43, 450.00, 95, 61568
2026-08-19T18:25:55,448085175-07:00,2026/08/19 18:25:55.462, 83, 51, 450.05, 450.00, 94, 61568
2026-08-19T18:25:56,476716740-07:00,2026/08/19 18:25:56.489, 83, 51, 449.39, 450.00, 94, 61568
2026-08-19T18:25:57,503943789-07:00,2026/08/19 18:25:57.518, 83, 51, 448.90, 450.00, 94, 61568
2026-08-19T18:25:58,532106788-07:00,2026/08/19 18:25:58.544, 79, 51, 364.80, 450.00, 72, 61568
2026-08-19T18:25:59,556543961-07:00,2026/08/19 18:25:59.570, 82, 51, 348.11, 450.00, 65, 61568
2026-08-19T18:26:00,584943748-07:00,2026/08/19 18:26:00.597, 84, 51, 496.51, 450.00, 95, 61568
2026-08-19T18:26:01,606363413-07:00,2026/08/19 18:26:01.622, 85, 51, 404.69, 450.00, 50, 61568
2026-08-19T18:26:02,637240850-07:00,2026/08/19 18:26:02.652, 84, 51, 376.81, 450.00, 79, 61568
2026-08-19T18:26:03,666486582-07:00,2026/08/19 18:26:03.681, 85, 51, 534.48, 450.00, 95, 61568
2026-08-19T18:26:04,696060904-07:00,2026/08/19 18:26:04.711, 85, 51, 529.68, 450.00, 95, 61568
2026-08-19T18:26:05,725027082-07:00,2026/08/19 18:26:05.738, 85, 51, 506.20, 450.00, 95, 61568
2026-08-19T18:26:06,753076567-07:00,2026/08/19 18:26:06.768, 85, 51, 501.27, 450.00, 95, 61568
2026-08-19T18:26:07,781448134-07:00,2026/08/19 18:26:07.793, 84, 51, 482.87, 450.00, 95, 61568
2026-08-19T18:26:08,807550398-07:00,2026/08/19 18:26:08.819, 83, 51, 440.64, 450.00, 94, 61568
2026-08-19T18:26:09,832547911-07:00,2026/08/19 18:26:09.845, 83, 51, 441.33, 450.00, 94, 61568
2026-08-19T18:26:10,858313168-07:00,2026/08/19 18:26:10.870, 83, 51, 449.35, 450.00, 95, 61568
2026-08-19T18:26:11,883075541-07:00,2026/08/19 18:26:11.895, 83, 51, 452.73, 450.00, 95, 61568
2026-08-19T18:26:12,910699298-07:00,2026/08/19 18:26:12.923, 84, 51, 463.36, 450.00, 95, 61568
2026-08-19T18:26:13,937821617-07:00,2026/08/19 18:26:13.953, 84, 51, 459.60, 450.00, 95, 61568
2026-08-19T18:26:14,966319419-07:00,2026/08/19 18:26:14.981, 84, 51, 452.22, 450.00, 94, 61568
2026-08-19T18:26:15,997380645-07:00,2026/08/19 18:26:16.011, 83, 51, 452.03, 450.00, 95, 61568
2026-08-19T18:26:17,026164514-07:00,2026/08/19 18:26:17.040, 84, 51, 450.91, 450.00, 95, 61568
2026-08-19T18:26:18,053514790-07:00,2026/08/19 18:26:18.068, 83, 51, 451.27, 450.00, 96, 61568
2026-08-19T18:26:19,082664841-07:00,2026/08/19 18:26:19.095, 84, 51, 451.55, 450.00, 95, 61568
2026-08-19T18:26:20,108734381-07:00,2026/08/19 18:26:20.123, 84, 51, 452.45, 450.00, 96, 61568
2026-08-19T18:26:21,136619361-07:00,2026/08/19 18:26:21.151, 83, 51, 452.08, 450.00, 96, 61568
2026-08-19T18:26:22,164138734-07:00,2026/08/19 18:26:22.178, 84, 51, 451.48, 450.00, 95, 61568
2026-08-19T18:26:23,192094494-07:00,2026/08/19 18:26:23.206, 84, 51, 448.78, 450.00, 95, 61568
2026-08-19T18:26:24,221184937-07:00,2026/08/19 18:26:24.235, 84, 51, 447.05, 450.00, 94, 61568
2026-08-19T18:26:25,249757006-07:00,2026/08/19 18:26:25.264, 83, 51, 448.47, 450.00, 95, 61568
2026-08-19T18:26:26,278450676-07:00,2026/08/19 18:26:26.292, 84, 51, 450.03, 450.00, 95, 61568
2026-08-19T18:26:27,307444517-07:00,2026/08/19 18:26:27.321, 84, 51, 450.42, 450.00, 95, 61568
2026-08-19T18:26:28,337473675-07:00,2026/08/19 18:26:28.352, 84, 51, 450.35, 450.00, 95, 61568
2026-08-19T18:26:29,365143597-07:00,2026/08/19 18:26:29.379, 84, 51, 448.56, 450.00, 94, 61568
2026-08-19T18:26:30,392216991-07:00,2026/08/19 18:26:30.404, 84, 51, 450.25, 450.00, 95, 61568
2026-08-19T18:26:31,418252194-07:00,2026/08/19 18:26:31.431, 83, 51, 448.48, 450.00, 95, 61568
2026-08-19T18:26:32,445812422-07:00,2026/08/19 18:26:32.458, 83, 51, 449.08, 450.00, 95, 61568
2026-08-19T18:26:33,471972976-07:00,2026/08/19 18:26:33.486, 84, 51, 450.00, 450.00, 95, 61568
2026-08-19T18:26:34,499960615-07:00,2026/08/19 18:26:34.515, 84, 51, 447.57, 450.00, 94, 61568
2026-08-19T18:26:35,531205890-07:00,2026/08/19 18:26:35.545, 84, 51, 451.58, 450.00, 95, 61568
2026-08-19T18:26:36,559638602-07:00,2026/08/19 18:26:36.573, 84, 51, 451.30, 450.00, 95, 61568
2026-08-19T18:26:37,587160143-07:00,2026/08/19 18:26:37.602, 84, 51, 451.42, 450.00, 95, 61568
2026-08-19T18:26:38,615533290-07:00,2026/08/19 18:26:38.629, 83, 51, 450.39, 450.00, 95, 61568
2026-08-19T18:26:39,645092078-07:00,2026/08/19 18:26:39.659, 83, 51, 449.39, 450.00, 95, 61568
2026-08-19T18:26:40,672333494-07:00,2026/08/19 18:26:40.686, 84, 51, 450.67, 450.00, 95, 61568
2026-08-19T18:26:41,699230244-07:00,2026/08/19 18:26:41.714, 84, 51, 450.51, 450.00, 95, 61568
2026-08-19T18:26:42,728181193-07:00,2026/08/19 18:26:42.741, 84, 51, 449.69, 450.00, 95, 61568
2026-08-19T18:26:43,756007964-07:00,2026/08/19 18:26:43.768, 84, 51, 449.69, 450.00, 95, 61568
2026-08-19T18:26:44,782999439-07:00,2026/08/19 18:26:44.798, 84, 51, 450.10, 450.00, 95, 61568
2026-08-19T18:26:45,812463037-07:00,2026/08/19 18:26:45.824, 84, 51, 448.72, 450.00, 94, 61568
2026-08-19T18:26:46,839339473-07:00,2026/08/19 18:26:46.853, 84, 51, 447.16, 450.00, 94, 61568
2026-08-19T18:26:47,865408648-07:00,2026/08/19 18:26:47.878, 84, 51, 448.42, 450.00, 94, 61568
2026-08-19T18:26:48,892404433-07:00,2026/08/19 18:26:48.905, 84, 51, 448.89, 450.00, 94, 61568
2026-08-19T18:26:49,917408642-07:00,2026/08/19 18:26:49.931, 84, 51, 449.57, 450.00, 94, 61568
2026-08-19T18:26:50,945438697-07:00,2026/08/19 18:26:50.960, 84, 51, 451.11, 450.00, 94, 61568
2026-08-19T18:26:51,975320510-07:00,2026/08/19 18:26:51.989, 83, 51, 450.63, 450.00, 94, 61568
2026-08-19T18:26:53,007140665-07:00,2026/08/19 18:26:53.028, 78, 51, 337.15, 450.00, 23, 61568
2026-08-19T18:26:54,045260591-07:00,2026/08/19 18:26:54.056, 78, 51, 147.89, 450.00, 0, 61568
2026-08-19T18:26:55,065596347-07:00,2026/08/19 18:26:55.079, 77, 51, 150.59, 450.00, 9, 61568
2026-08-19T18:26:56,098101925-07:00,2026/08/19 18:26:56.111, 82, 51, 462.74, 450.00, 95, 61568
2026-08-19T18:26:57,126469900-07:00,2026/08/19 18:26:57.139, 83, 51, 450.22, 450.00, 96, 61568
2026-08-19T18:26:58,152919988-07:00,2026/08/19 18:26:58.165, 77, 51, 227.91, 450.00, 0, 61568
2026-08-19T18:26:59,173514221-07:00,2026/08/19 18:26:59.186, 82, 51, 350.23, 450.00, 95, 61568
2026-08-19T18:27:00,199433999-07:00,2026/08/19 18:27:00.214, 82, 51, 450.50, 450.00, 96, 61568
2026-08-19T18:27:01,228007739-07:00,2026/08/19 18:27:01.242, 83, 51, 449.80, 450.00, 95, 61568
2026-08-19T18:27:02,255744613-07:00,2026/08/19 18:27:02.271, 83, 51, 449.54, 450.00, 95, 61568
2026-08-19T18:27:03,285637639-07:00,2026/08/19 18:27:03.299, 82, 51, 449.58, 450.00, 94, 61568
2026-08-19T18:27:04,313632330-07:00,2026/08/19 18:27:04.325, 82, 51, 450.29, 450.00, 94, 61568
2026-08-19T18:27:05,338922419-07:00,2026/08/19 18:27:05.354, 82, 51, 450.17, 450.00, 92, 61568
2026-08-19T18:27:06,368702923-07:00,2026/08/19 18:27:06.383, 82, 51, 450.46, 450.00, 93, 61568
2026-08-19T18:27:07,397976115-07:00,2026/08/19 18:27:07.412, 82, 51, 449.85, 450.00, 94, 61568
2026-08-19T18:27:08,425051791-07:00,2026/08/19 18:27:08.440, 82, 51, 449.91, 450.00, 94, 61568
2026-08-19T18:27:09,453175474-07:00,2026/08/19 18:27:09.468, 83, 51, 449.18, 450.00, 94, 61568
2026-08-19T18:27:10,482462087-07:00,2026/08/19 18:27:10.495, 83, 51, 450.59, 450.00, 94, 61568
2026-08-19T18:27:11,507572521-07:00,2026/08/19 18:27:11.522, 83, 51, 450.01, 450.00, 94, 61568
2026-08-19T18:27:12,536818494-07:00,2026/08/19 18:27:12.549, 83, 51, 450.08, 450.00, 94, 61568
2026-08-19T18:27:13,564050262-07:00,2026/08/19 18:27:13.578, 83, 51, 450.12, 450.00, 93, 61568
2026-08-19T18:27:14,591687456-07:00,2026/08/19 18:27:14.604, 83, 51, 450.22, 450.00, 94, 61568
2026-08-19T18:27:15,618531433-07:00,2026/08/19 18:27:15.632, 80, 51, 384.08, 450.00, 47, 61568
2026-08-19T18:27:16,642366157-07:00,2026/08/19 18:27:16.658, 82, 51, 315.18, 450.00, 81, 61568
2026-08-19T18:27:17,672437413-07:00,2026/08/19 18:27:17.687, 82, 51, 462.10, 450.00, 93, 61568
2026-08-19T18:27:18,702332131-07:00,2026/08/19 18:27:18.717, 83, 51, 449.83, 450.00, 94, 61568
2026-08-19T18:27:19,731085365-07:00,2026/08/19 18:27:19.744, 83, 51, 450.01, 450.00, 97, 61568
2026-08-19T18:27:20,759527529-07:00,2026/08/19 18:27:20.775, 78, 51, 281.35, 450.00, 0, 61568
2026-08-19T18:27:21,788195786-07:00,2026/08/19 18:27:21.803, 78, 51, 393.07, 450.00, 17, 61568
2026-08-19T18:27:22,816615279-07:00,2026/08/19 18:27:22.828, 83, 51, 450.81, 450.00, 95, 61568
2026-08-19T18:27:23,842798625-07:00,2026/08/19 18:27:23.855, 78, 51, 299.97, 450.00, 0, 61568
2026-08-19T18:27:24,867691026-07:00,2026/08/19 18:27:24.882, 82, 51, 403.29, 450.00, 92, 61568
2026-08-19T18:27:25,895626587-07:00,2026/08/19 18:27:25.909, 78, 51, 303.27, 450.00, 0, 61568
2026-08-19T18:27:26,918859350-07:00,2026/08/19 18:27:26.933, 82, 51, 411.68, 450.00, 92, 61568
2026-08-19T18:27:27,947700980-07:00,2026/08/19 18:27:27.960, 82, 51, 384.05, 450.00, 93, 61568
2026-08-19T18:27:28,970334675-07:00,2026/08/19 18:27:28.984, 80, 51, 393.05, 450.00, 85, 61568
2026-08-19T18:27:29,998218816-07:00,2026/08/19 18:27:30.010, 82, 51, 400.33, 450.00, 94, 61568
2026-08-19T18:27:31,023900456-07:00,2026/08/19 18:27:31.038, 82, 51, 450.24, 450.00, 95, 61568
2026-08-19T18:27:32,052655083-07:00,2026/08/19 18:27:32.067, 83, 51, 324.57, 450.00, 75, 61568
2026-08-19T18:27:33,081087355-07:00,2026/08/19 18:27:33.093, 82, 51, 416.27, 450.00, 95, 61568
2026-08-19T18:27:34,107811263-07:00,2026/08/19 18:27:34.120, 82, 51, 450.92, 450.00, 93, 61568
2026-08-19T18:27:35,132482202-07:00,2026/08/19 18:27:35.145, 82, 51, 449.86, 450.00, 93, 61568
2026-08-19T18:27:36,159464767-07:00,2026/08/19 18:27:36.172, 78, 51, 345.20, 450.00, 0, 61568
2026-08-19T18:27:37,181296247-07:00,2026/08/19 18:27:37.194, 82, 51, 353.50, 450.00, 95, 61568
2026-08-19T18:27:38,207172756-07:00,2026/08/19 18:27:38.221, 82, 51, 450.29, 450.00, 93, 61568
2026-08-19T18:27:39,235666217-07:00,2026/08/19 18:27:39.250, 77, 51, 280.88, 450.00, 0, 61568
2026-08-19T18:27:40,262928382-07:00,2026/08/19 18:27:40.277, 83, 51, 340.28, 450.00, 95, 61568
2026-08-19T18:27:41,295426414-07:00,2026/08/19 18:27:41.309, 82, 51, 385.74, 450.00, 95, 61568
2026-08-19T18:27:42,317580977-07:00,2026/08/19 18:27:42.330, 81, 51, 289.00, 450.00, 100, 61568
2026-08-19T18:27:43,345680914-07:00,2026/08/19 18:27:43.360, 81, 51, 467.00, 450.00, 96, 61568
2026-08-19T18:27:44,374343341-07:00,2026/08/19 18:27:44.389, 81, 51, 450.14, 450.00, 94, 61568
2026-08-19T18:27:45,403633595-07:00,2026/08/19 18:27:45.418, 82, 51, 450.49, 450.00, 95, 61568
2026-08-19T18:27:46,431857282-07:00,2026/08/19 18:27:46.444, 82, 51, 449.63, 450.00, 96, 61568
2026-08-19T18:27:47,457311515-07:00,2026/08/19 18:27:47.471, 82, 51, 449.87, 450.00, 95, 61568
2026-08-19T18:27:48,485100778-07:00,2026/08/19 18:27:48.499, 82, 51, 450.29, 450.00, 96, 61568
2026-08-19T18:27:49,512926488-07:00,2026/08/19 18:27:49.528, 82, 51, 450.48, 450.00, 96, 61568
2026-08-19T18:27:50,541843904-07:00,2026/08/19 18:27:50.555, 82, 51, 450.07, 450.00, 93, 61568
2026-08-19T18:27:51,571075769-07:00,2026/08/19 18:27:51.583, 82, 51, 450.03, 450.00, 95, 61568
2026-08-19T18:27:52,597528646-07:00,2026/08/19 18:27:52.611, 82, 51, 449.99, 450.00, 95, 61568
2026-08-19T18:27:53,624422857-07:00,2026/08/19 18:27:53.639, 82, 51, 450.19, 450.00, 94, 61568
2026-08-19T18:27:54,652685799-07:00,2026/08/19 18:27:54.667, 82, 51, 450.06, 450.00, 95, 61568
2026-08-19T18:27:55,682065054-07:00,2026/08/19 18:27:55.695, 82, 51, 449.83, 450.00, 91, 61568
2026-08-19T18:27:56,709911080-07:00,2026/08/19 18:27:56.722, 82, 51, 449.59, 450.00, 94, 61568
2026-08-19T18:27:57,738525159-07:00,2026/08/19 18:27:57.756, 78, 51, 324.77, 450.00, 0, 61568
2026-08-19T18:27:58,770948626-07:00,2026/08/19 18:27:58.790, 77, 51, 184.27, 450.00, 0, 61568
2026-08-19T18:27:59,805835067-07:00,2026/08/19 18:27:59.824, 76, 51, 165.25, 450.00, 0, 61568
2026-08-19T18:28:00,835379682-07:00,2026/08/19 18:28:00.853, 75, 51, 139.12, 450.00, 0, 61568
2026-08-19T18:28:01,863723817-07:00,2026/08/19 18:28:01.875, 75, 51, 132.22, 450.00, 0, 61568
2026-08-19T18:28:02,884135349-07:00,2026/08/19 18:28:02.898, 82, 51, 185.50, 450.00, 98, 61568
2026-08-19T18:28:03,912586654-07:00,2026/08/19 18:28:03.927, 80, 51, 452.76, 450.00, 93, 61568
2026-08-19T18:28:04,940371085-07:00,2026/08/19 18:28:04.954, 80, 51, 449.68, 450.00, 94, 61568
2026-08-19T18:28:05,967770279-07:00,2026/08/19 18:28:05.979, 80, 51, 449.65, 450.00, 92, 61568
2026-08-19T18:28:06,994067478-07:00,2026/08/19 18:28:07.009, 81, 51, 449.99, 450.00, 96, 61568
2026-08-19T18:28:08,022704800-07:00,2026/08/19 18:28:08.036, 75, 51, 174.87, 450.00, 0, 61568
2026-08-19T18:28:09,048816952-07:00,2026/08/19 18:28:09.063, 80, 51, 332.23, 450.00, 93, 61568
2026-08-19T18:28:10,077765889-07:00,2026/08/19 18:28:10.092, 81, 51, 450.17, 450.00, 94, 61568
2026-08-19T18:28:11,106156509-07:00,2026/08/19 18:28:11.121, 81, 51, 450.40, 450.00, 94, 61568
2026-08-19T18:28:12,135344503-07:00,2026/08/19 18:28:12.149, 81, 51, 449.64, 450.00, 96, 61568
2026-08-19T18:28:13,163829979-07:00,2026/08/19 18:28:13.178, 81, 51, 450.33, 450.00, 93, 61568
2026-08-19T18:28:14,195757569-07:00,2026/08/19 18:28:14.224, 75, 51, 203.07, 450.00, 0, 61568
2026-08-19T18:28:15,236959203-07:00,2026/08/19 18:28:15.250, 75, 51, 154.57, 450.00, 0, 61568
2026-08-19T18:28:16,259942790-07:00,2026/08/19 18:28:16.274, 80, 51, 382.34, 450.00, 94, 61568
2026-08-19T18:28:17,288158428-07:00,2026/08/19 18:28:17.303, 80, 51, 449.05, 450.00, 94, 61568
2026-08-19T18:28:18,317636666-07:00,2026/08/19 18:28:18.332, 80, 51, 450.12, 450.00, 96, 61568
2026-08-19T18:28:19,347045910-07:00,2026/08/19 18:28:19.361, 80, 51, 450.58, 450.00, 94, 61568
2026-08-19T18:28:20,374134005-07:00,2026/08/19 18:28:20.387, 81, 51, 419.39, 450.00, 95, 61568
2026-08-19T18:28:21,397030841-07:00,2026/08/19 18:28:21.412, 81, 51, 283.35, 450.00, 100, 61568
2026-08-19T18:28:22,425062810-07:00,2026/08/19 18:28:22.439, 80, 51, 460.69, 450.00, 96, 61568
2026-08-19T18:28:23,452695917-07:00,2026/08/19 18:28:23.464, 80, 51, 450.17, 450.00, 97, 61568
2026-08-19T18:28:24,479058370-07:00,2026/08/19 18:28:24.493, 80, 51, 450.11, 450.00, 95, 61568
2026-08-19T18:28:25,510284382-07:00,2026/08/19 18:28:25.525, 81, 51, 450.01, 450.00, 95, 61568
2026-08-19T18:28:26,538820000-07:00,2026/08/19 18:28:26.553, 81, 51, 449.81, 450.00, 95, 61568
2026-08-19T18:28:27,565718529-07:00,2026/08/19 18:28:27.577, 81, 51, 450.08, 450.00, 96, 61568
2026-08-19T18:28:28,594654849-07:00,2026/08/19 18:28:28.614, 81, 51, 448.36, 450.00, 95, 61568
2026-08-19T18:28:29,630480728-07:00,2026/08/19 18:28:29.649, 75, 51, 197.41, 450.00, 0, 61568
2026-08-19T18:28:30,663109555-07:00,2026/08/19 18:28:30.677, 75, 51, 209.97, 450.00, 0, 61568
2026-08-19T18:28:31,691675489-07:00,2026/08/19 18:28:31.706, 80, 51, 466.02, 450.00, 94, 61568
2026-08-19T18:28:32,718441317-07:00,2026/08/19 18:28:32.733, 80, 51, 450.58, 450.00, 95, 61568
2026-08-19T18:28:33,748835224-07:00,2026/08/19 18:28:33.763, 80, 51, 449.54, 450.00, 95, 61568
2026-08-19T18:28:34,777444333-07:00,2026/08/19 18:28:34.792, 81, 51, 449.96, 450.00, 95, 61568
2026-08-19T18:28:35,806370631-07:00,2026/08/19 18:28:35.821, 77, 51, 365.66, 450.00, 3, 61568
2026-08-19T18:28:36,835888876-07:00,2026/08/19 18:28:36.848, 76, 51, 396.99, 450.00, 42, 61568
2026-08-19T18:28:37,858955643-07:00,2026/08/19 18:28:37.874, 81, 51, 394.28, 450.00, 96, 61568
2026-08-19T18:28:38,889114942-07:00,2026/08/19 18:28:38.903, 80, 51, 449.78, 450.00, 94, 61568
2026-08-19T18:28:39,918649553-07:00,2026/08/19 18:28:39.933, 81, 51, 449.87, 450.00, 96, 61568
2026-08-19T18:28:40,947344118-07:00,2026/08/19 18:28:40.962, 81, 51, 450.18, 450.00, 94, 61568
2026-08-19T18:28:41,974853817-07:00,2026/08/19 18:28:41.989, 81, 50, 449.67, 450.00, 94, 61568
2026-08-19T18:28:43,002762703-07:00,2026/08/19 18:28:43.015, 81, 51, 450.70, 450.00, 96, 61568
2026-08-19T18:28:44,027507681-07:00,2026/08/19 18:28:44.042, 81, 51, 449.61, 450.00, 94, 61568
2026-08-19T18:28:45,055153361-07:00,2026/08/19 18:28:45.070, 81, 51, 450.49, 450.00, 95, 61568
2026-08-19T18:28:46,083515485-07:00,2026/08/19 18:28:46.097, 81, 51, 450.52, 450.00, 95, 61568
2026-08-19T18:28:47,110679728-07:00,2026/08/19 18:28:47.123, 81, 51, 450.47, 450.00, 94, 61568
2026-08-19T18:28:48,136523592-07:00,2026/08/19 18:28:48.150, 81, 51, 450.35, 450.00, 96, 61568
2026-08-19T18:28:49,164712753-07:00,2026/08/19 18:28:49.178, 81, 51, 449.65, 450.00, 96, 61568
2026-08-19T18:28:50,192069830-07:00,2026/08/19 18:28:50.206, 81, 51, 450.12, 450.00, 94, 61568
2026-08-19T18:28:51,219677122-07:00,2026/08/19 18:28:51.232, 81, 51, 450.13, 450.00, 96, 61568
2026-08-19T18:28:52,245259263-07:00,2026/08/19 18:28:52.260, 81, 50, 450.13, 450.00, 95, 61568
2026-08-19T18:28:53,274657050-07:00,2026/08/19 18:28:53.288, 81, 51, 450.15, 450.00, 95, 61568
2026-08-19T18:28:54,301811897-07:00,2026/08/19 18:28:54.316, 81, 51, 450.45, 450.00, 96, 61568
2026-08-19T18:28:55,331109618-07:00,2026/08/19 18:28:55.344, 82, 51, 450.08, 450.00, 95, 61568
2026-08-19T18:28:56,360405260-07:00,2026/08/19 18:28:56.373, 81, 51, 449.82, 450.00, 93, 61568
2026-08-19T18:28:57,386666951-07:00,2026/08/19 18:28:57.399, 82, 51, 450.39, 450.00, 96, 61568
2026-08-19T18:28:58,413959440-07:00,2026/08/19 18:28:58.429, 82, 51, 449.69, 450.00, 96, 61568
2026-08-19T18:28:59,444771345-07:00,2026/08/19 18:28:59.458, 82, 51, 450.19, 450.00, 94, 61568
2026-08-19T18:29:00,479319355-07:00,2026/08/19 18:29:00.494, 82, 50, 450.11, 450.00, 95, 61568
2026-08-19T18:29:01,509037419-07:00,2026/08/19 18:29:01.522, 82, 51, 450.53, 450.00, 93, 61568
2026-08-19T18:29:02,537495247-07:00,2026/08/19 18:29:02.552, 82, 51, 450.04, 450.00, 95, 61568
2026-08-19T18:29:03,567231043-07:00,2026/08/19 18:29:03.580, 83, 51, 358.72, 450.00, 100, 61568
2026-08-19T18:29:04,593309231-07:00,2026/08/19 18:29:04.607, 77, 51, 371.31, 450.00, 4, 61568
2026-08-19T18:29:05,621229937-07:00,2026/08/19 18:29:05.634, 82, 51, 406.44, 450.00, 91, 61568
2026-08-19T18:29:06,647088485-07:00,2026/08/19 18:29:06.661, 82, 51, 451.03, 450.00, 94, 61568
2026-08-19T18:29:07,676005503-07:00,2026/08/19 18:29:07.690, 82, 51, 449.96, 450.00, 95, 61568
2026-08-19T18:29:08,704571262-07:00,2026/08/19 18:29:08.719, 82, 51, 449.71, 450.00, 96, 61568
2026-08-19T18:29:09,734503631-07:00,2026/08/19 18:29:09.747, 82, 51, 449.77, 450.00, 94, 61568
2026-08-19T18:29:10,760086862-07:00,2026/08/19 18:29:10.774, 82, 51, 450.11, 450.00, 96, 61568
2026-08-19T18:29:11,788733755-07:00,2026/08/19 18:29:11.803, 82, 51, 450.27, 450.00, 95, 61568
2026-08-19T18:29:12,817411212-07:00,2026/08/19 18:29:12.832, 82, 51, 450.02, 450.00, 94, 61568
2026-08-19T18:29:13,847060811-07:00,2026/08/19 18:29:13.862, 82, 51, 450.03, 450.00, 95, 61568
2026-08-19T18:29:14,875642703-07:00,2026/08/19 18:29:14.890, 82, 51, 450.25, 450.00, 95, 61568
2026-08-19T18:29:15,904784227-07:00,2026/08/19 18:29:15.919, 82, 51, 449.41, 450.00, 95, 61568
2026-08-19T18:29:16,934193906-07:00,2026/08/19 18:29:16.948, 82, 51, 450.37, 450.00, 96, 61568
2026-08-19T18:29:17,963029789-07:00,2026/08/19 18:29:17.977, 82, 51, 449.86, 450.00, 95, 61568
2026-08-19T18:29:18,991537316-07:00,2026/08/19 18:29:19.006, 82, 51, 449.76, 450.00, 95, 61568
2026-08-19T18:29:20,020958263-07:00,2026/08/19 18:29:20.035, 82, 51, 450.48, 450.00, 96, 61568
2026-08-19T18:29:21,050939093-07:00,2026/08/19 18:29:21.065, 82, 51, 449.89, 450.00, 95, 61568
2026-08-19T18:29:22,079364426-07:00,2026/08/19 18:29:22.093, 82, 51, 449.85, 450.00, 94, 61568
2026-08-19T18:29:23,107626178-07:00,2026/08/19 18:29:23.122, 82, 51, 450.03, 450.00, 93, 61568
2026-08-19T18:29:24,136009320-07:00,2026/08/19 18:29:24.150, 83, 51, 449.95, 450.00, 95, 61568
2026-08-19T18:29:25,165029145-07:00,2026/08/19 18:29:25.180, 82, 51, 449.55, 450.00, 95, 61568
2026-08-19T18:29:26,193129652-07:00,2026/08/19 18:29:26.207, 82, 51, 450.38, 450.00, 95, 61568
2026-08-19T18:29:27,221881980-07:00,2026/08/19 18:29:27.236, 82, 51, 450.30, 450.00, 95, 61568
2026-08-19T18:29:28,249941895-07:00,2026/08/19 18:29:28.263, 83, 51, 449.88, 450.00, 96, 61568
2026-08-19T18:29:29,277959710-07:00,2026/08/19 18:29:29.291, 83, 51, 449.45, 450.00, 95, 61568
2026-08-19T18:29:30,305099528-07:00,2026/08/19 18:29:30.320, 83, 51, 449.92, 450.00, 93, 61568
2026-08-19T18:29:31,334357146-07:00,2026/08/19 18:29:31.348, 83, 51, 449.67, 450.00, 94, 61568
2026-08-19T18:29:32,362058317-07:00,2026/08/19 18:29:32.376, 83, 51, 449.99, 450.00, 93, 61568
2026-08-19T18:29:33,390148212-07:00,2026/08/19 18:29:33.405, 83, 51, 449.75, 450.00, 94, 61568
2026-08-19T18:29:34,419697596-07:00,2026/08/19 18:29:34.434, 79, 51, 377.51, 450.00, 13, 61568
2026-08-19T18:29:35,445583400-07:00,2026/08/19 18:29:35.459, 83, 51, 449.77, 450.00, 100, 61568
2026-08-19T18:29:36,471949428-07:00,2026/08/19 18:29:36.484, 83, 51, 371.01, 450.00, 100, 61568
2026-08-19T18:29:37,498055516-07:00,2026/08/19 18:29:37.509, 83, 51, 405.29, 450.00, 92, 61568
2026-08-19T18:29:38,524540871-07:00,2026/08/19 18:29:38.539, 83, 51, 451.34, 450.00, 96, 61568
2026-08-19T18:29:39,553826133-07:00,2026/08/19 18:29:39.567, 82, 51, 450.01, 450.00, 95, 61568
2026-08-19T18:29:40,579287846-07:00,2026/08/19 18:29:40.594, 82, 51, 293.36, 450.00, 81, 61568
2026-08-19T18:29:41,605441094-07:00,2026/08/19 18:29:41.619, 82, 51, 396.82, 450.00, 95, 61568
2026-08-19T18:29:42,633744821-07:00,2026/08/19 18:29:42.647, 82, 51, 450.29, 450.00, 94, 61568
2026-08-19T18:29:43,661553701-07:00,2026/08/19 18:29:43.675, 82, 51, 449.97, 450.00, 95, 61568
2026-08-19T18:29:44,689299602-07:00,2026/08/19 18:29:44.701, 82, 51, 449.93, 450.00, 95, 61568
2026-08-19T18:29:45,715453204-07:00,2026/08/19 18:29:45.729, 77, 51, 250.15, 450.00, 39, 61568
2026-08-19T18:29:46,738350971-07:00,2026/08/19 18:29:46.752, 82, 51, 435.32, 450.00, 94, 61568
2026-08-19T18:29:47,766063533-07:00,2026/08/19 18:29:47.780, 82, 51, 449.56, 450.00, 95, 61568
2026-08-19T18:29:48,793989871-07:00,2026/08/19 18:29:48.808, 82, 51, 450.04, 450.00, 95, 61568
2026-08-19T18:29:49,823824573-07:00,2026/08/19 18:29:49.837, 82, 51, 383.98, 450.00, 95, 61568
2026-08-19T18:29:50,845370898-07:00,2026/08/19 18:29:50.859, 83, 51, 255.85, 450.00, 96, 61568
2026-08-19T18:29:51,875199404-07:00,2026/08/19 18:29:51.890, 82, 51, 463.82, 450.00, 93, 61568
2026-08-19T18:29:52,904989111-07:00,2026/08/19 18:29:52.919, 82, 51, 450.18, 450.00, 95, 61568
2026-08-19T18:29:53,931178318-07:00,2026/08/19 18:29:53.944, 85, 51, 347.13, 450.00, 100, 61568
2026-08-19T18:29:54,953471361-07:00,2026/08/19 18:29:54.968, 83, 51, 341.91, 450.00, 100, 61568
2026-08-19T18:29:55,984996040-07:00,2026/08/19 18:29:55.998, 82, 51, 450.52, 450.00, 95, 61568
2026-08-19T18:29:57,013500524-07:00,2026/08/19 18:29:57.025, 82, 51, 450.77, 450.00, 96, 61568
2026-08-19T18:29:58,041032537-07:00,2026/08/19 18:29:58.054, 82, 51, 449.48, 450.00, 96, 61568
2026-08-19T18:29:59,068682228-07:00,2026/08/19 18:29:59.083, 82, 51, 450.58, 450.00, 95, 61568
2026-08-19T18:30:00,098544771-07:00,2026/08/19 18:30:00.113, 82, 51, 449.86, 450.00, 92, 61568
2026-08-19T18:30:01,128028221-07:00,2026/08/19 18:30:01.142, 82, 51, 450.11, 450.00, 95, 61568
2026-08-19T18:30:02,156677818-07:00,2026/08/19 18:30:02.170, 77, 51, 278.45, 450.00, 0, 61568
2026-08-19T18:30:03,185228340-07:00,2026/08/19 18:30:03.200, 82, 51, 408.84, 450.00, 96, 61568
2026-08-19T18:30:04,214971633-07:00,2026/08/19 18:30:04.229, 77, 51, 375.60, 450.00, 0, 61568
2026-08-19T18:30:05,242460726-07:00,2026/08/19 18:30:05.256, 83, 51, 358.86, 450.00, 100, 61568
2026-08-19T18:30:06,265590746-07:00,2026/08/19 18:30:06.280, 82, 51, 392.67, 450.00, 95, 61568
2026-08-19T18:30:07,292342070-07:00,2026/08/19 18:30:07.307, 82, 51, 450.17, 450.00, 95, 61568
2026-08-19T18:30:08,318932883-07:00,2026/08/19 18:30:08.332, 82, 51, 449.79, 450.00, 95, 61568
2026-08-19T18:30:09,344898186-07:00,2026/08/19 18:30:09.361, 78, 51, 289.52, 450.00, 0, 61568
2026-08-19T18:30:10,373424054-07:00,2026/08/19 18:30:10.386, 78, 51, 390.21, 450.00, 55, 61568
2026-08-19T18:30:11,399900789-07:00,2026/08/19 18:30:11.413, 82, 51, 450.85, 450.00, 94, 61568
2026-08-19T18:30:12,428670593-07:00,2026/08/19 18:30:12.442, 77, 51, 366.14, 450.00, 0, 61568
2026-08-19T18:30:13,454967429-07:00,2026/08/19 18:30:13.468, 78, 51, 364.01, 450.00, 73, 61568
2026-08-19T18:30:14,481400588-07:00,2026/08/19 18:30:14.496, 82, 51, 392.07, 450.00, 96, 61568
2026-08-19T18:30:15,510333962-07:00,2026/08/19 18:30:15.525, 82, 51, 449.31, 450.00, 92, 61568
2026-08-19T18:30:16,543376655-07:00,2026/08/19 18:30:16.557, 77, 51, 343.86, 450.00, 0, 61568
2026-08-19T18:30:17,567636170-07:00,2026/08/19 18:30:17.579, 82, 51, 320.06, 450.00, 93, 61568
2026-08-19T18:30:18,593173682-07:00,2026/08/19 18:30:18.605, 82, 51, 450.52, 450.00, 95, 61568
2026-08-19T18:30:19,619036662-07:00,2026/08/19 18:30:19.631, 82, 51, 271.48, 450.00, 87, 61568
2026-08-19T18:30:20,639704213-07:00,2026/08/19 18:30:20.652, 81, 50, 407.98, 450.00, 94, 61568
2026-08-19T18:30:21,666665353-07:00,2026/08/19 18:30:21.680, 81, 50, 450.16, 450.00, 96, 61568
2026-08-19T18:30:22,696501859-07:00,2026/08/19 18:30:22.710, 82, 50, 409.78, 450.00, 96, 61568
2026-08-19T18:30:23,718400325-07:00,2026/08/19 18:30:23.730, 77, 51, 370.96, 450.00, 46, 61568
2026-08-19T18:30:24,740377213-07:00,2026/08/19 18:30:24.752, 82, 51, 394.80, 450.00, 95, 61568
2026-08-19T18:30:25,766725330-07:00,2026/08/19 18:30:25.781, 81, 51, 450.36, 450.00, 94, 61568
2026-08-19T18:30:26,795029949-07:00,2026/08/19 18:30:26.809, 78, 51, 338.90, 450.00, 0, 61568
2026-08-19T18:30:27,818055249-07:00,2026/08/19 18:30:27.831, 82, 51, 369.23, 450.00, 92, 61568
2026-08-19T18:30:28,845058339-07:00,2026/08/19 18:30:28.860, 81, 50, 449.57, 450.00, 94, 61568
2026-08-19T18:30:29,874245921-07:00,2026/08/19 18:30:29.887, 81, 50, 417.99, 450.00, 94, 61568
2026-08-19T18:30:30,895778574-07:00,2026/08/19 18:30:30.910, 84, 50, 228.89, 450.00, 88, 61568
2026-08-19T18:30:31,925229993-07:00,2026/08/19 18:30:31.939, 81, 50, 454.07, 450.00, 94, 61568
2026-08-19T18:30:32,953775542-07:00,2026/08/19 18:30:32.967, 81, 50, 357.58, 450.00, 95, 61568
2026-08-19T18:30:33,978805953-07:00,2026/08/19 18:30:33.992, 83, 51, 365.64, 450.00, 100, 61568
2026-08-19T18:30:35,002154887-07:00,2026/08/19 18:30:35.017, 81, 50, 440.50, 450.00, 95, 61568
2026-08-19T18:30:36,032136333-07:00,2026/08/19 18:30:36.047, 76, 50, 353.59, 450.00, 0, 61568
2026-08-19T18:30:37,060242924-07:00,2026/08/19 18:30:37.074, 83, 50, 393.95, 450.00, 83, 61568
2026-08-19T18:30:38,088303410-07:00,2026/08/19 18:30:38.102, 81, 50, 397.69, 450.00, 93, 61568
2026-08-19T18:30:39,116655918-07:00,2026/08/19 18:30:39.131, 81, 50, 450.53, 450.00, 95, 61568
2026-08-19T18:30:40,148102847-07:00,2026/08/19 18:30:40.168, 81, 50, 438.81, 450.00, 95, 61568
2026-08-19T18:30:41,177394416-07:00,2026/08/19 18:30:41.190, 77, 50, 215.23, 450.00, 15, 61568
2026-08-19T18:30:42,205163255-07:00,2026/08/19 18:30:42.219, 81, 50, 456.85, 450.00, 95, 61568
2026-08-19T18:30:43,236641254-07:00,2026/08/19 18:30:43.261, 81, 50, 371.46, 450.00, 95, 61568
2026-08-19T18:30:44,276810017-07:00,2026/08/19 18:30:44.289, 75, 51, 176.21, 450.00, 0, 61568
2026-08-19T18:30:45,297214649-07:00,2026/08/19 18:30:45.309, 76, 51, 234.89, 450.00, 9, 61568
2026-08-19T18:30:46,323582412-07:00,2026/08/19 18:30:46.335, 80, 50, 451.25, 450.00, 95, 61568
2026-08-19T18:30:47,350132867-07:00,2026/08/19 18:30:47.367, 80, 50, 444.55, 450.00, 94, 61568
2026-08-19T18:30:48,380503086-07:00,2026/08/19 18:30:48.397, 75, 51, 233.13, 450.00, 17, 61568
2026-08-19T18:30:49,409728242-07:00,2026/08/19 18:30:49.422, 80, 50, 468.40, 450.00, 96, 61568
2026-08-19T18:30:50,436319352-07:00,2026/08/19 18:30:50.449, 80, 50, 450.43, 450.00, 95, 61568
2026-08-19T18:30:51,465571230-07:00,2026/08/19 18:30:51.493, 78, 51, 299.37, 450.00, 49, 61568
2026-08-19T18:30:52,507502551-07:00,2026/08/19 18:30:52.526, 75, 51, 187.21, 450.00, 0, 61568
2026-08-19T18:30:53,536373600-07:00,2026/08/19 18:30:53.550, 74, 51, 130.67, 450.00, 0, 61568
2026-08-19T18:30:54,559142967-07:00,2026/08/19 18:30:54.574, 79, 50, 232.95, 450.00, 93, 61568
2026-08-19T18:30:55,588684123-07:00,2026/08/19 18:30:55.600, 80, 50, 450.20, 450.00, 93, 61568
2026-08-19T18:30:56,615917289-07:00,2026/08/19 18:30:56.628, 80, 50, 450.02, 450.00, 95, 61568
2026-08-19T18:30:57,641208242-07:00,2026/08/19 18:30:57.656, 80, 50, 450.22, 450.00, 94, 61568
2026-08-19T18:30:58,670601880-07:00,2026/08/19 18:30:58.685, 80, 50, 449.61, 450.00, 95, 61568
2026-08-19T18:30:59,698782263-07:00,2026/08/19 18:30:59.713, 80, 50, 450.27, 450.00, 95, 61568
2026-08-19T18:31:00,731724094-07:00,2026/08/19 18:31:00.751, 80, 50, 380.59, 450.00, 93, 61568
2026-08-19T18:31:01,762865978-07:00,2026/08/19 18:31:01.779, 74, 50, 140.34, 450.00, 0, 61568
2026-08-19T18:31:02,792914031-07:00,2026/08/19 18:31:02.808, 79, 50, 369.65, 450.00, 95, 61568
2026-08-19T18:31:03,822441971-07:00,2026/08/19 18:31:03.837, 80, 50, 450.12, 450.00, 93, 61568
2026-08-19T18:31:04,851876858-07:00,2026/08/19 18:31:04.864, 80, 50, 450.09, 450.00, 94, 61568
2026-08-19T18:31:05,878030067-07:00,2026/08/19 18:31:05.890, 80, 50, 449.96, 450.00, 95, 61568
2026-08-19T18:31:06,905808027-07:00,2026/08/19 18:31:06.920, 80, 50, 450.08, 450.00, 95, 61568
2026-08-19T18:31:07,936780134-07:00,2026/08/19 18:31:07.963, 80, 50, 418.17, 450.00, 95, 61568
2026-08-19T18:31:08,979431820-07:00,2026/08/19 18:31:08.990, 75, 50, 193.07, 450.00, 0, 61568
2026-08-19T18:31:09,998441701-07:00,2026/08/19 18:31:10.013, 74, 50, 243.95, 450.00, 93, 61568
2026-08-19T18:31:11,029521331-07:00,2026/08/19 18:31:11.043, 80, 50, 453.23, 450.00, 96, 61568
2026-08-19T18:31:12,059567502-07:00,2026/08/19 18:31:12.074, 79, 50, 449.91, 450.00, 94, 61568
2026-08-19T18:31:13,086787296-07:00,2026/08/19 18:31:13.101, 80, 50, 450.67, 450.00, 96, 61568
2026-08-19T18:31:14,115149707-07:00,2026/08/19 18:31:14.130, 80, 50, 449.79, 450.00, 95, 61568
2026-08-19T18:31:15,146695357-07:00,2026/08/19 18:31:15.161, 80, 50, 449.77, 450.00, 94, 61568
2026-08-19T18:31:16,176109245-07:00,2026/08/19 18:31:16.191, 80, 50, 450.43, 450.00, 95, 61568
2026-08-19T18:31:17,205543546-07:00,2026/08/19 18:31:17.220, 80, 50, 449.30, 450.00, 95, 61568
2026-08-19T18:31:18,238405076-07:00,2026/08/19 18:31:18.257, 76, 50, 295.04, 450.00, 0, 61568
2026-08-19T18:31:19,268511850-07:00,2026/08/19 18:31:19.282, 74, 50, 139.97, 450.00, 0, 61568
2026-08-19T18:31:20,291551559-07:00,2026/08/19 18:31:20.305, 80, 50, 316.31, 450.00, 90, 61568
2026-08-19T18:31:21,318812558-07:00,2026/08/19 18:31:21.332, 80, 50, 449.73, 450.00, 95, 61568
2026-08-19T18:31:22,346406520-07:00,2026/08/19 18:31:22.360, 79, 50, 449.58, 450.00, 95, 61568
2026-08-19T18:31:23,374160685-07:00,2026/08/19 18:31:23.387, 75, 50, 261.03, 450.00, 0, 61568
2026-08-19T18:31:24,399101637-07:00,2026/08/19 18:31:24.413, 80, 50, 386.24, 450.00, 89, 61568
2026-08-19T18:31:25,428999991-07:00,2026/08/19 18:31:25.442, 80, 50, 391.41, 450.00, 95, 61568
2026-08-19T18:31:26,450321209-07:00,2026/08/19 18:31:26.464, 75, 50, 316.38, 450.00, 0, 61568
2026-08-19T18:31:27,475346116-07:00,2026/08/19 18:31:27.488, 80, 50, 389.17, 450.00, 90, 61568
2026-08-19T18:31:28,502048679-07:00,2026/08/19 18:31:28.515, 76, 50, 382.47, 450.00, 0, 61568
2026-08-19T18:31:29,523397201-07:00,2026/08/19 18:31:29.537, 80, 50, 363.39, 450.00, 100, 61568
2026-08-19T18:31:30,549242685-07:00,2026/08/19 18:31:30.562, 80, 50, 389.77, 450.00, 96, 61568
2026-08-19T18:31:31,574964605-07:00,2026/08/19 18:31:31.589, 80, 50, 450.18, 450.00, 94, 61568
2026-08-19T18:31:32,603815895-07:00,2026/08/19 18:31:32.618, 80, 50, 449.92, 450.00, 95, 61568
2026-08-19T18:31:33,633148894-07:00,2026/08/19 18:31:33.647, 81, 50, 258.75, 450.00, 93, 61568
2026-08-19T18:31:34,656976964-07:00,2026/08/19 18:31:34.671, 80, 50, 388.89, 450.00, 94, 61568
2026-08-19T18:31:35,685098566-07:00,2026/08/19 18:31:35.698, 80, 50, 450.02, 450.00, 95, 61568
2026-08-19T18:31:36,710729362-07:00,2026/08/19 18:31:36.725, 80, 50, 449.92, 450.00, 95, 61568
2026-08-19T18:31:37,739990387-07:00,2026/08/19 18:31:37.753, 80, 50, 376.57, 450.00, 95, 61568
2026-08-19T18:31:38,762434299-07:00,2026/08/19 18:31:38.777, 77, 50, 245.20, 450.00, 59, 61568
2026-08-19T18:31:39,793378847-07:00,2026/08/19 18:31:39.807, 80, 50, 464.06, 450.00, 94, 61568
2026-08-19T18:31:40,820624679-07:00,2026/08/19 18:31:40.832, 80, 50, 449.57, 450.00, 93, 61568
2026-08-19T18:31:41,847485766-07:00,2026/08/19 18:31:41.862, 80, 50, 449.92, 450.00, 95, 61568
2026-08-19T18:31:42,878175076-07:00,2026/08/19 18:31:42.892, 80, 50, 450.18, 450.00, 96, 61568
2026-08-19T18:31:43,907370160-07:00,2026/08/19 18:31:43.922, 80, 50, 450.00, 450.00, 95, 61568
2026-08-19T18:31:44,935904396-07:00,2026/08/19 18:31:44.949, 80, 50, 450.13, 450.00, 95, 61568
2026-08-19T18:31:45,964436216-07:00,2026/08/19 18:31:45.977, 80, 50, 449.62, 450.00, 94, 61568
2026-08-19T18:31:46,990853292-07:00,2026/08/19 18:31:47.004, 80, 50, 450.75, 450.00, 94, 61568
2026-08-19T18:31:48,018630596-07:00,2026/08/19 18:31:48.034, 80, 50, 449.63, 450.00, 94, 61568
2026-08-19T18:31:49,051608367-07:00,2026/08/19 18:31:49.070, 75, 50, 273.18, 450.00, 0, 61568
2026-08-19T18:31:50,084068604-07:00,2026/08/19 18:31:50.105, 75, 50, 189.44, 450.00, 0, 61568
2026-08-19T18:31:51,120129788-07:00,2026/08/19 18:31:51.141, 74, 50, 135.46, 450.00, 0, 61568
2026-08-19T18:31:52,159780215-07:00,2026/08/19 18:31:52.179, 73, 50, 128.36, 450.00, 0, 61568
