2026-08-19T01:23:36,028745570-07:00,2026/08/19 01:23:36.052, 46, 33, 24.84, 450.00, 0, 61016
2026-08-19T01:23:37,079806049-07:00,2026/08/19 01:23:37.101, 46, 33, 30.72, 450.00, 0, 61016
2026-08-19T01:23:38,123587626-07:00,2026/08/19 01:23:38.154, 46, 33, 25.39, 450.00, 0, 61016
2026-08-19T01:23:39,179243010-07:00,2026/08/19 01:23:39.200, 46, 32, 25.36, 450.00, 0, 61016
2026-08-19T01:23:40,230799240-07:00,2026/08/19 01:23:40.256, 46, 32, 25.49, 450.00, 0, 61016
2026-08-19T01:23:41,284287284-07:00,2026/08/19 01:23:41.315, 46, 32, 25.08, 450.00, 0, 61016
2026-08-19T01:23:42,344695436-07:00,2026/08/19 01:23:42.369, 46, 32, 25.12, 450.00, 0, 61016
2026-08-19T01:23:43,397706311-07:00,2026/08/19 01:23:43.424, 46, 32, 25.22, 450.00, 0, 61016
2026-08-19T01:23:44,446772521-07:00,2026/08/19 01:23:44.462, 46, 32, 29.46, 450.00, 0, 61016
2026-08-19T01:23:45,489759133-07:00,2026/08/19 01:23:45.516, 46, 32, 25.26, 450.00, 0, 61016
2026-08-19T01:23:46,542729425-07:00,2026/08/19 01:23:46.569, 46, 32, 25.19, 450.00, 0, 61016
2026-08-19T01:23:47,601839690-07:00,2026/08/19 01:23:47.625, 45, 32, 25.38, 450.00, 0, 61016
2026-08-19T01:23:48,652761486-07:00,2026/08/19 01:23:48.678, 45, 32, 25.00, 450.00, 0, 61016
2026-08-19T01:23:49,706001757-07:00,2026/08/19 01:23:49.733, 45, 32, 25.03, 450.00, 0, 61016
2026-08-19T01:23:50,760330025-07:00,2026/08/19 01:23:50.782, 45, 32, 27.02, 450.00, 0, 61016
2026-08-19T01:23:51,803802069-07:00,2026/08/19 01:23:51.830, 45, 32, 30.81, 450.00, 0, 61016
2026-08-19T01:23:52,857603344-07:00,2026/08/19 01:23:52.888, 45, 32, 25.50, 450.00, 0, 61016
2026-08-19T01:23:53,915383388-07:00,2026/08/19 01:23:53.942, 45, 32, 24.44, 450.00, 0, 61016
2026-08-19T01:23:54,969690014-07:00,2026/08/19 01:23:54.995, 45, 32, 24.39, 450.00, 0, 61016
2026-08-19T01:23:56,022871312-07:00,2026/08/19 01:23:56.052, 45, 32, 25.42, 450.00, 0, 61016
2026-08-19T01:23:57,081902849-07:00,2026/08/19 01:23:57.115, 45, 32, 24.61, 450.00, 0, 61016
2026-08-19T01:23:58,141602434-07:00,2026/08/19 01:23:58.165, 45, 32, 25.95, 450.00, 0, 61016
2026-08-19T01:23:59,185324926-07:00,2026/08/19 01:23:59.210, 45, 32, 29.38, 450.00, 0, 61016
2026-08-19T01:24:00,237883858-07:00,2026/08/19 01:24:00.263, 45, 32, 24.38, 450.00, 0, 61016
2026-08-19T01:24:01,289211938-07:00,2026/08/19 01:24:01.306, 45, 32, 24.90, 450.00, 0, 61016
2026-08-19T01:24:02,333204567-07:00,2026/08/19 01:24:02.358, 45, 31, 24.25, 450.00, 0, 61016
2026-08-19T01:24:03,385273724-07:00,2026/08/19 01:24:03.421, 45, 31, 24.37, 450.00, 0, 61016
2026-08-19T01:24:04,448525959-07:00,2026/08/19 01:24:04.473, 45, 32, 24.53, 450.00, 0, 61016
2026-08-19T01:24:05,500636196-07:00,2026/08/19 01:24:05.520, 45, 32, 27.59, 450.00, 0, 61016
2026-08-19T01:24:06,539513324-07:00,2026/08/19 01:24:06.565, 45, 31, 30.21, 450.00, 0, 61016
2026-08-19T01:24:07,592722758-07:00,2026/08/19 01:24:07.617, 44, 31, 24.12, 450.00, 0, 61016
2026-08-19T01:24:08,640513675-07:00,2026/08/19 01:24:08.674, 44, 31, 24.48, 450.00, 0, 61016
2026-08-19T01:24:09,699442717-07:00,2026/08/19 01:24:09.712, 55, 31, 159.47, 450.00, 100, 61256
2026-08-19T01:24:10,723034681-07:00,2026/08/19 01:24:10.737, 55, 31, 263.88, 450.00, 100, 61406
2026-08-19T01:24:11,748686896-07:00,2026/08/19 01:24:11.761, 57, 31, 429.89, 450.00, 100, 61406
2026-08-19T01:24:12,773036910-07:00,2026/08/19 01:24:12.787, 55, 31, 392.13, 450.00, 90, 61406
2026-08-19T01:24:13,797738792-07:00,2026/08/19 01:24:13.810, 61, 31, 429.26, 450.00, 92, 61406
2026-08-19T01:24:14,820646754-07:00,2026/08/19 01:24:14.832, 59, 31, 428.45, 450.00, 100, 61406
2026-08-19T01:24:15,844205609-07:00,2026/08/19 01:24:15.859, 59, 32, 394.84, 450.00, 100, 61406
2026-08-19T01:24:16,870747046-07:00,2026/08/19 01:24:16.885, 60, 32, 430.57, 450.00, 100, 61406
2026-08-19T01:24:17,896035823-07:00,2026/08/19 01:24:17.910, 53, 32, 426.45, 450.00, 16, 61406
2026-08-19T01:24:18,920727521-07:00,2026/08/19 01:24:18.933, 62, 33, 427.27, 450.00, 100, 61406
2026-08-19T01:24:19,944435125-07:00,2026/08/19 01:24:19.958, 62, 33, 428.58, 450.00, 100, 61406
2026-08-19T01:24:20,968712468-07:00,2026/08/19 01:24:20.983, 62, 34, 412.44, 450.00, 87, 61406
2026-08-19T01:24:21,994056041-07:00,2026/08/19 01:24:22.006, 63, 34, 427.03, 450.00, 100, 61406
2026-08-19T01:24:23,016277685-07:00,2026/08/19 01:24:23.030, 61, 35, 427.29, 450.00, 100, 61406
2026-08-19T01:24:24,041773681-07:00,2026/08/19 01:24:24.053, 63, 35, 424.98, 450.00, 100, 61406
2026-08-19T01:24:25,063603358-07:00,2026/08/19 01:24:25.077, 63, 35, 429.60, 450.00, 100, 61406
2026-08-19T01:24:26,086390115-07:00,2026/08/19 01:24:26.102, 64, 36, 429.31, 450.00, 100, 61534
2026-08-19T01:24:27,114340791-07:00,2026/08/19 01:24:27.128, 63, 36, 426.84, 450.00, 100, 61534
2026-08-19T01:24:28,139212105-07:00,2026/08/19 01:24:28.151, 63, 36, 425.52, 450.00, 100, 61534
2026-08-19T01:24:29,163173398-07:00,2026/08/19 01:24:29.175, 63, 36, 423.14, 450.00, 100, 61534
2026-08-19T01:24:30,185692719-07:00,2026/08/19 01:24:30.200, 64, 36, 427.16, 450.00, 100, 61534
2026-08-19T01:24:31,210596660-07:00,2026/08/19 01:24:31.225, 64, 36, 427.33, 450.00, 100, 61534
2026-08-19T01:24:32,236106930-07:00,2026/08/19 01:24:32.248, 64, 36, 426.57, 450.00, 100, 61534
2026-08-19T01:24:33,258834744-07:00,2026/08/19 01:24:33.272, 65, 37, 426.62, 450.00, 100, 61534
2026-08-19T01:24:34,283314760-07:00,2026/08/19 01:24:34.297, 67, 37, 421.91, 450.00, 75, 61534
2026-08-19T01:24:35,309952471-07:00,2026/08/19 01:24:35.323, 60, 37, 422.49, 450.00, 58, 61534
2026-08-19T01:24:36,334514806-07:00,2026/08/19 01:24:36.346, 65, 37, 412.30, 450.00, 100, 61534
2026-08-19T01:24:37,357726187-07:00,2026/08/19 01:24:37.371, 65, 37, 470.13, 450.00, 100, 61534
2026-08-19T01:24:38,382557231-07:00,2026/08/19 01:24:38.396, 65, 37, 421.48, 450.00, 100, 61534
2026-08-19T01:24:39,407768397-07:00,2026/08/19 01:24:39.421, 67, 38, 424.48, 450.00, 100, 61534
2026-08-19T01:24:40,434583507-07:00,2026/08/19 01:24:40.447, 68, 38, 427.92, 450.00, 74, 61534
2026-08-19T01:24:41,457727135-07:00,2026/08/19 01:24:41.470, 60, 38, 409.28, 450.00, 15, 61534
2026-08-19T01:24:42,480945064-07:00,2026/08/19 01:24:42.493, 66, 38, 412.64, 450.00, 100, 61534
2026-08-19T01:24:43,506408689-07:00,2026/08/19 01:24:43.518, 67, 39, 463.34, 450.00, 100, 61534
2026-08-19T01:24:44,527629300-07:00,2026/08/19 01:24:44.541, 67, 39, 425.82, 450.00, 100, 61662
2026-08-19T01:24:45,551100031-07:00,2026/08/19 01:24:45.563, 69, 39, 428.28, 450.00, 69, 61662
2026-08-19T01:24:46,574474355-07:00,2026/08/19 01:24:46.588, 67, 39, 426.44, 450.00, 100, 61662
2026-08-19T01:24:47,600177059-07:00,2026/08/19 01:24:47.615, 63, 39, 409.24, 450.00, 63, 61662
2026-08-19T01:24:48,630094513-07:00,2026/08/19 01:24:48.643, 68, 39, 467.31, 450.00, 100, 61662
2026-08-19T01:24:49,654427592-07:00,2026/08/19 01:24:49.668, 68, 39, 424.89, 450.00, 100, 61662
2026-08-19T01:24:50,680047550-07:00,2026/08/19 01:24:50.694, 68, 39, 427.53, 450.00, 100, 61662
2026-08-19T01:24:51,709848370-07:00,2026/08/19 01:24:51.725, 68, 40, 419.34, 450.00, 100, 61662
2026-08-19T01:24:52,736608744-07:00,2026/08/19 01:24:52.750, 68, 40, 426.00, 450.00, 100, 61662
2026-08-19T01:24:53,764761219-07:00,2026/08/19 01:24:53.779, 68, 40, 427.65, 450.00, 100, 61662
2026-08-19T01:24:54,790826870-07:00,2026/08/19 01:24:54.804, 64, 40, 423.07, 450.00, 48, 61662
2026-08-19T01:24:55,814534390-07:00,2026/08/19 01:24:55.826, 69, 40, 452.00, 450.00, 100, 61662
2026-08-19T01:24:56,837954647-07:00,2026/08/19 01:24:56.852, 69, 40, 426.18, 450.00, 100, 61662
2026-08-19T01:24:57,863759940-07:00,2026/08/19 01:24:57.877, 63, 40, 430.66, 450.00, 16, 61662
2026-08-19T01:24:58,889466308-07:00,2026/08/19 01:24:58.904, 69, 40, 450.29, 450.00, 100, 61662
2026-08-19T01:24:59,915006732-07:00,2026/08/19 01:24:59.927, 69, 40, 424.69, 450.00, 100, 61662
2026-08-19T01:25:00,939489736-07:00,2026/08/19 01:25:00.951, 64, 40, 423.23, 450.00, 16, 61662
2026-08-19T01:25:01,963725340-07:00,2026/08/19 01:25:01.978, 70, 41, 449.39, 450.00, 100, 61662
2026-08-19T01:25:02,989587553-07:00,2026/08/19 01:25:03.003, 70, 41, 425.13, 450.00, 100, 61662
2026-08-19T01:25:04,014243633-07:00,2026/08/19 01:25:04.028, 65, 41, 426.04, 450.00, 50, 61662
2026-08-19T01:25:05,038775938-07:00,2026/08/19 01:25:05.053, 70, 41, 451.67, 450.00, 100, 61662
2026-08-19T01:25:06,066493731-07:00,2026/08/19 01:25:06.080, 69, 41, 425.35, 450.00, 100, 61662
2026-08-19T01:25:07,091887386-07:00,2026/08/19 01:25:07.106, 71, 41, 423.45, 450.00, 100, 61790
2026-08-19T01:25:08,118750730-07:00,2026/08/19 01:25:08.131, 70, 41, 450.79, 450.00, 100, 61790
2026-08-19T01:25:09,142464650-07:00,2026/08/19 01:25:09.156, 71, 41, 421.05, 450.00, 100, 61790
2026-08-19T01:25:10,169618647-07:00,2026/08/19 01:25:10.182, 68, 41, 425.62, 450.00, 32, 61790
2026-08-19T01:25:11,193111001-07:00,2026/08/19 01:25:11.207, 71, 42, 451.67, 450.00, 100, 61790
2026-08-19T01:25:12,218600355-07:00,2026/08/19 01:25:12.232, 69, 42, 424.26, 450.00, 100, 61790
2026-08-19T01:25:13,245731911-07:00,2026/08/19 01:25:13.257, 71, 42, 436.40, 450.00, 100, 61790
2026-08-19T01:25:14,269121803-07:00,2026/08/19 01:25:14.283, 71, 42, 425.71, 450.00, 100, 61790
2026-08-19T01:25:15,296728949-07:00,2026/08/19 01:25:15.309, 68, 42, 390.62, 450.00, 41, 61790
2026-08-19T01:25:16,323982556-07:00,2026/08/19 01:25:16.339, 71, 42, 456.16, 450.00, 94, 61790
2026-08-19T01:25:17,352604301-07:00,2026/08/19 01:25:17.365, 70, 42, 450.21, 450.00, 94, 61790
2026-08-19T01:25:18,378261553-07:00,2026/08/19 01:25:18.391, 71, 42, 449.59, 450.00, 93, 61790
2026-08-19T01:25:19,404835523-07:00,2026/08/19 01:25:19.419, 71, 42, 450.38, 450.00, 95, 61790
2026-08-19T01:25:20,432236962-07:00,2026/08/19 01:25:20.447, 71, 42, 449.66, 450.00, 95, 61790
2026-08-19T01:25:21,461973639-07:00,2026/08/19 01:25:21.476, 71, 42, 449.87, 450.00, 93, 61790
2026-08-19T01:25:22,490431243-07:00,2026/08/19 01:25:22.504, 72, 42, 449.90, 450.00, 93, 61790
2026-08-19T01:25:23,517701399-07:00,2026/08/19 01:25:23.530, 72, 42, 450.69, 450.00, 93, 61790
2026-08-19T01:25:24,544357694-07:00,2026/08/19 01:25:24.557, 71, 42, 449.33, 450.00, 94, 61790
2026-08-19T01:25:25,571085100-07:00,2026/08/19 01:25:25.586, 72, 42, 450.44, 450.00, 94, 61790
2026-08-19T01:25:26,599732686-07:00,2026/08/19 01:25:26.614, 72, 42, 449.40, 450.00, 95, 61790
2026-08-19T01:25:27,630724007-07:00,2026/08/19 01:25:27.645, 72, 42, 450.46, 450.00, 96, 61790
2026-08-19T01:25:28,660311232-07:00,2026/08/19 01:25:28.674, 72, 42, 449.17, 450.00, 94, 61790
2026-08-19T01:25:29,684772880-07:00,2026/08/19 01:25:29.699, 72, 43, 450.21, 450.00, 95, 61790
2026-08-19T01:25:30,714357751-07:00,2026/08/19 01:25:30.729, 72, 43, 450.33, 450.00, 95, 61790
2026-08-19T01:25:31,743779359-07:00,2026/08/19 01:25:31.756, 73, 43, 449.52, 450.00, 96, 61790
2026-08-19T01:25:32,770932964-07:00,2026/08/19 01:25:32.786, 72, 43, 450.45, 450.00, 94, 61790
2026-08-19T01:25:33,800666037-07:00,2026/08/19 01:25:33.816, 73, 43, 449.50, 450.00, 94, 61790
2026-08-19T01:25:34,831737848-07:00,2026/08/19 01:25:34.845, 73, 43, 450.55, 450.00, 94, 61790
2026-08-19T01:25:35,859472466-07:00,2026/08/19 01:25:35.872, 73, 43, 449.52, 450.00, 96, 61790
2026-08-19T01:25:36,886156331-07:00,2026/08/19 01:25:36.900, 73, 43, 450.27, 450.00, 94, 61790
2026-08-19T01:25:37,914084769-07:00,2026/08/19 01:25:37.929, 73, 43, 450.63, 450.00, 94, 61790
2026-08-19T01:25:38,942352540-07:00,2026/08/19 01:25:38.956, 73, 43, 449.98, 450.00, 94, 61790
2026-08-19T01:25:39,970522099-07:00,2026/08/19 01:25:39.985, 73, 43, 450.06, 450.00, 94, 61790
2026-08-19T01:25:40,998151769-07:00,2026/08/19 01:25:41.011, 73, 43, 450.57, 450.00, 95, 61790
2026-08-19T01:25:42,024665965-07:00,2026/08/19 01:25:42.039, 74, 43, 450.31, 450.00, 93, 61790
2026-08-19T01:25:43,053587864-07:00,2026/08/19 01:25:43.066, 73, 43, 450.32, 450.00, 92, 61790
2026-08-19T01:25:44,078423516-07:00,2026/08/19 01:25:44.093, 73, 43, 449.93, 450.00, 93, 61790
2026-08-19T01:25:45,106573545-07:00,2026/08/19 01:25:45.119, 74, 43, 449.80, 450.00, 94, 61790
2026-08-19T01:25:46,134441018-07:00,2026/08/19 01:25:46.149, 74, 44, 450.24, 450.00, 95, 61790
2026-08-19T01:25:47,163867639-07:00,2026/08/19 01:25:47.177, 74, 44, 450.01, 450.00, 94, 61790
2026-08-19T01:25:48,191701427-07:00,2026/08/19 01:25:48.204, 74, 44, 450.44, 450.00, 94, 61790
2026-08-19T01:25:49,219196552-07:00,2026/08/19 01:25:49.234, 74, 44, 449.80, 450.00, 95, 61790
2026-08-19T01:25:50,247800800-07:00,2026/08/19 01:25:50.261, 74, 44, 450.14, 450.00, 94, 61790
2026-08-19T01:25:51,275042905-07:00,2026/08/19 01:25:51.290, 74, 44, 449.97, 450.00, 94, 61790
2026-08-19T01:25:52,301859116-07:00,2026/08/19 01:25:52.314, 74, 44, 450.33, 450.00, 94, 61790
2026-08-19T01:25:53,329366786-07:00,2026/08/19 01:25:53.344, 74, 44, 449.93, 450.00, 93, 61790
2026-08-19T01:25:54,358183532-07:00,2026/08/19 01:25:54.372, 75, 44, 449.95, 450.00, 94, 61790
2026-08-19T01:25:55,388685105-07:00,2026/08/19 01:25:55.403, 75, 44, 450.09, 450.00, 95, 61790
2026-08-19T01:25:56,416768700-07:00,2026/08/19 01:25:56.431, 75, 44, 449.75, 450.00, 95, 61790
2026-08-19T01:25:57,444458530-07:00,2026/08/19 01:25:57.456, 75, 44, 449.89, 450.00, 95, 61790
2026-08-19T01:25:58,471517706-07:00,2026/08/19 01:25:58.486, 74, 44, 450.23, 450.00, 95, 61790
2026-08-19T01:25:59,500885569-07:00,2026/08/19 01:25:59.515, 75, 44, 449.72, 450.00, 95, 61790
2026-08-19T01:26:00,530188240-07:00,2026/08/19 01:26:00.545, 75, 45, 449.87, 450.00, 94, 61790
2026-08-19T01:26:01,559507815-07:00,2026/08/19 01:26:01.574, 75, 45, 450.01, 450.00, 94, 61790
2026-08-19T01:26:02,588692582-07:00,2026/08/19 01:26:02.602, 75, 45, 449.94, 450.00, 94, 61790
2026-08-19T01:26:03,615546571-07:00,2026/08/19 01:26:03.630, 75, 45, 449.51, 450.00, 93, 61790
2026-08-19T01:26:04,642742144-07:00,2026/08/19 01:26:04.657, 75, 45, 450.13, 450.00, 94, 61790
2026-08-19T01:26:05,671689300-07:00,2026/08/19 01:26:05.687, 75, 45, 449.54, 450.00, 93, 61790
2026-08-19T01:26:06,701766246-07:00,2026/08/19 01:26:06.714, 75, 45, 451.05, 450.00, 94, 61790
2026-08-19T01:26:07,727644438-07:00,2026/08/19 01:26:07.740, 75, 45, 449.91, 450.00, 94, 61790
2026-08-19T01:26:08,751658658-07:00,2026/08/19 01:26:08.764, 75, 45, 449.98, 450.00, 94, 61790
2026-08-19T01:26:09,779502364-07:00,2026/08/19 01:26:09.792, 76, 45, 450.10, 450.00, 94, 61790
2026-08-19T01:26:10,806806661-07:00,2026/08/19 01:26:10.821, 76, 45, 450.22, 450.00, 94, 61790
2026-08-19T01:26:11,836186951-07:00,2026/08/19 01:26:11.849, 76, 45, 450.18, 450.00, 94, 61790
2026-08-19T01:26:12,861730545-07:00,2026/08/19 01:26:12.876, 76, 45, 449.78, 450.00, 93, 61790
2026-08-19T01:26:13,890179373-07:00,2026/08/19 01:26:13.903, 76, 45, 450.32, 450.00, 94, 61790
2026-08-19T01:26:14,917592242-07:00,2026/08/19 01:26:14.930, 76, 45, 450.32, 450.00, 94, 61790
2026-08-19T01:26:15,946724164-07:00,2026/08/19 01:26:15.961, 76, 45, 449.77, 450.00, 95, 61790
2026-08-19T01:26:16,973613341-07:00,2026/08/19 01:26:16.989, 76, 45, 449.67, 450.00, 93, 61790
2026-08-19T01:26:18,003601604-07:00,2026/08/19 01:26:18.018, 76, 45, 450.05, 450.00, 94, 61790
2026-08-19T01:26:19,032685360-07:00,2026/08/19 01:26:19.047, 76, 45, 450.06, 450.00, 95, 61790
2026-08-19T01:26:20,064529506-07:00,2026/08/19 01:26:20.077, 76, 45, 450.17, 450.00, 94, 61790
2026-08-19T01:26:21,091453275-07:00,2026/08/19 01:26:21.106, 77, 45, 450.00, 450.00, 95, 61790
2026-08-19T01:26:22,121527461-07:00,2026/08/19 01:26:22.136, 76, 46, 449.83, 450.00, 96, 61790
2026-08-19T01:26:23,151817741-07:00,2026/08/19 01:26:23.165, 76, 46, 449.85, 450.00, 94, 61790
2026-08-19T01:26:24,178300250-07:00,2026/08/19 01:26:24.193, 76, 46, 449.90, 450.00, 94, 61790
2026-08-19T01:26:25,209027185-07:00,2026/08/19 01:26:25.221, 76, 46, 449.56, 450.00, 94, 61790
2026-08-19T01:26:26,235272764-07:00,2026/08/19 01:26:26.248, 76, 46, 450.44, 450.00, 94, 61790
2026-08-19T01:26:27,259816427-07:00,2026/08/19 01:26:27.272, 77, 46, 449.83, 450.00, 95, 61790
2026-08-19T01:26:28,286423608-07:00,2026/08/19 01:26:28.301, 77, 46, 449.21, 450.00, 94, 61790
2026-08-19T01:26:29,313654543-07:00,2026/08/19 01:26:29.328, 77, 46, 450.62, 450.00, 93, 61790
2026-08-19T01:26:30,342787952-07:00,2026/08/19 01:26:30.355, 76, 46, 450.50, 450.00, 94, 61790
2026-08-19T01:26:31,369115200-07:00,2026/08/19 01:26:31.381, 76, 46, 449.63, 450.00, 95, 61790
2026-08-19T01:26:32,396249429-07:00,2026/08/19 01:26:32.411, 76, 46, 449.73, 450.00, 93, 61790
2026-08-19T01:26:33,425834973-07:00,2026/08/19 01:26:33.440, 77, 46, 449.73, 450.00, 94, 61790
2026-08-19T01:26:34,454081365-07:00,2026/08/19 01:26:34.469, 77, 46, 450.52, 450.00, 95, 61790
2026-08-19T01:26:35,483490805-07:00,2026/08/19 01:26:35.497, 77, 46, 450.42, 450.00, 94, 61790
2026-08-19T01:26:36,512072428-07:00,2026/08/19 01:26:36.526, 78, 46, 389.32, 450.00, 100, 61790
2026-08-19T01:26:37,538035390-07:00,2026/08/19 01:26:37.552, 78, 46, 411.78, 450.00, 100, 61792
2026-08-19T01:26:38,565470468-07:00,2026/08/19 01:26:38.580, 77, 46, 453.15, 450.00, 94, 61792
2026-08-19T01:26:39,593831522-07:00,2026/08/19 01:26:39.608, 77, 46, 450.14, 450.00, 93, 61792
2026-08-19T01:26:40,623107700-07:00,2026/08/19 01:26:40.638, 77, 46, 449.92, 450.00, 95, 61792
2026-08-19T01:26:41,652208075-07:00,2026/08/19 01:26:41.667, 77, 46, 450.36, 450.00, 95, 61792
2026-08-19T01:26:42,681505412-07:00,2026/08/19 01:26:42.696, 77, 46, 449.71, 450.00, 95, 61792
2026-08-19T01:26:43,708489633-07:00,2026/08/19 01:26:43.723, 77, 46, 450.55, 450.00, 95, 61792
2026-08-19T01:26:44,737806781-07:00,2026/08/19 01:26:44.750, 77, 46, 449.27, 450.00, 95, 61792
2026-08-19T01:26:45,764790422-07:00,2026/08/19 01:26:45.779, 77, 46, 449.49, 450.00, 94, 61792
2026-08-19T01:26:46,791740715-07:00,2026/08/19 01:26:46.804, 77, 46, 450.06, 450.00, 94, 61792
2026-08-19T01:26:47,818740365-07:00,2026/08/19 01:26:47.831, 77, 46, 449.63, 450.00, 96, 61792
2026-08-19T01:26:48,845276155-07:00,2026/08/19 01:26:48.858, 77, 46, 450.58, 450.00, 95, 61792
2026-08-19T01:26:49,870498720-07:00,2026/08/19 01:26:49.884, 77, 46, 449.47, 450.00, 96, 61792
2026-08-19T01:26:50,898402094-07:00,2026/08/19 01:26:50.913, 77, 46, 449.75, 450.00, 94, 61792
2026-08-19T01:26:51,930732052-07:00,2026/08/19 01:26:51.946, 77, 46, 449.53, 450.00, 96, 61792
2026-08-19T01:26:52,960045376-07:00,2026/08/19 01:26:52.974, 77, 46, 449.90, 450.00, 94, 61792
2026-08-19T01:26:53,990735219-07:00,2026/08/19 01:26:54.003, 78, 46, 449.58, 450.00, 96, 61792
2026-08-19T01:26:55,017193136-07:00,2026/08/19 01:26:55.031, 77, 46, 449.68, 450.00, 93, 61792
2026-08-19T01:26:56,045756926-07:00,2026/08/19 01:26:56.059, 78, 46, 450.31, 450.00, 96, 61792
2026-08-19T01:26:57,073497330-07:00,2026/08/19 01:26:57.087, 77, 46, 449.59, 450.00, 94, 61792
2026-08-19T01:26:58,101435245-07:00,2026/08/19 01:26:58.114, 78, 46, 450.05, 450.00, 96, 61792
2026-08-19T01:26:59,128787371-07:00,2026/08/19 01:26:59.143, 78, 46, 450.17, 450.00, 95, 61792
2026-08-19T01:27:00,157398596-07:00,2026/08/19 01:27:00.170, 78, 46, 449.60, 450.00, 94, 61792
2026-08-19T01:27:01,183447124-07:00,2026/08/19 01:27:01.197, 78, 46, 450.18, 450.00, 96, 61792
2026-08-19T01:27:02,211685817-07:00,2026/08/19 01:27:02.226, 78, 46, 450.48, 450.00, 93, 61792
2026-08-19T01:27:03,240692493-07:00,2026/08/19 01:27:03.253, 78, 46, 450.23, 450.00, 94, 61792
2026-08-19T01:27:04,267531162-07:00,2026/08/19 01:27:04.281, 78, 46, 450.26, 450.00, 93, 61792
2026-08-19T01:27:05,295269901-07:00,2026/08/19 01:27:05.310, 78, 47, 450.55, 450.00, 93, 61792
2026-08-19T01:27:06,323708983-07:00,2026/08/19 01:27:06.338, 78, 47, 449.92, 450.00, 96, 61792
2026-08-19T01:27:07,350248671-07:00,2026/08/19 01:27:07.362, 77, 47, 449.79, 450.00, 94, 61792
2026-08-19T01:27:08,374695897-07:00,2026/08/19 01:27:08.388, 78, 47, 449.93, 450.00, 93, 61792
2026-08-19T01:27:09,400881801-07:00,2026/08/19 01:27:09.414, 78, 47, 451.43, 450.00, 93, 61792
2026-08-19T01:27:10,427425138-07:00,2026/08/19 01:27:10.442, 78, 47, 450.23, 450.00, 96, 61792
2026-08-19T01:27:11,455027953-07:00,2026/08/19 01:27:11.467, 78, 47, 450.16, 450.00, 93, 61792
2026-08-19T01:27:12,478654562-07:00,2026/08/19 01:27:12.493, 78, 47, 449.77, 450.00, 93, 61792
2026-08-19T01:27:13,506531804-07:00,2026/08/19 01:27:13.521, 78, 47, 449.95, 450.00, 93, 61792
2026-08-19T01:27:14,535557622-07:00,2026/08/19 01:27:14.549, 78, 47, 449.83, 450.00, 95, 61792
2026-08-19T01:27:15,562708249-07:00,2026/08/19 01:27:15.577, 78, 47, 450.62, 450.00, 94, 61792
2026-08-19T01:27:16,591006236-07:00,2026/08/19 01:27:16.606, 78, 47, 450.58, 450.00, 93, 61792
2026-08-19T01:27:17,620635505-07:00,2026/08/19 01:27:17.634, 78, 47, 449.52, 450.00, 94, 61792
2026-08-19T01:27:18,647852117-07:00,2026/08/19 01:27:18.660, 78, 47, 449.85, 450.00, 94, 61792
2026-08-19T01:27:19,674362783-07:00,2026/08/19 01:27:19.689, 78, 47, 449.80, 450.00, 94, 61792
2026-08-19T01:27:20,704366068-07:00,2026/08/19 01:27:20.719, 78, 47, 450.62, 450.00, 96, 61792
2026-08-19T01:27:21,732755998-07:00,2026/08/19 01:27:21.747, 78, 47, 450.06, 450.00, 94, 61792
2026-08-19T01:27:22,759447480-07:00,2026/08/19 01:27:22.774, 78, 47, 449.43, 450.00, 92, 61792
2026-08-19T01:27:23,787640970-07:00,2026/08/19 01:27:23.800, 78, 47, 450.58, 450.00, 94, 61792
2026-08-19T01:27:24,814868587-07:00,2026/08/19 01:27:24.827, 78, 47, 449.78, 450.00, 97, 61792
2026-08-19T01:27:25,841107058-07:00,2026/08/19 01:27:25.856, 78, 47, 449.78, 450.00, 94, 61792
2026-08-19T01:27:26,871189024-07:00,2026/08/19 01:27:26.883, 78, 47, 450.37, 450.00, 94, 61792
2026-08-19T01:27:27,898402653-07:00,2026/08/19 01:27:27.911, 78, 47, 450.42, 450.00, 94, 61792
2026-08-19T01:27:28,924792325-07:00,2026/08/19 01:27:28.937, 78, 47, 449.87, 450.00, 94, 61792
2026-08-19T01:27:29,951561689-07:00,2026/08/19 01:27:29.963, 79, 47, 449.98, 450.00, 96, 61792
2026-08-19T01:27:30,977431381-07:00,2026/08/19 01:27:30.990, 79, 47, 450.46, 450.00, 96, 61792
2026-08-19T01:27:32,004954864-07:00,2026/08/19 01:27:32.017, 78, 47, 449.97, 450.00, 95, 61792
2026-08-19T01:27:33,030744855-07:00,2026/08/19 01:27:33.045, 78, 47, 450.35, 450.00, 94, 61792
2026-08-19T01:27:34,057164009-07:00,2026/08/19 01:27:34.072, 78, 47, 449.50, 450.00, 95, 61792
2026-08-19T01:27:35,084481068-07:00,2026/08/19 01:27:35.099, 78, 47, 449.62, 450.00, 93, 61792
2026-08-19T01:27:36,113534852-07:00,2026/08/19 01:27:36.128, 78, 47, 450.53, 450.00, 94, 61792
2026-08-19T01:27:37,143648016-07:00,2026/08/19 01:27:37.156, 78, 47, 450.32, 450.00, 95, 61792
2026-08-19T01:27:38,170611151-07:00,2026/08/19 01:27:38.184, 78, 47, 449.56, 450.00, 94, 61792
2026-08-19T01:27:39,198595569-07:00,2026/08/19 01:27:39.213, 78, 47, 450.50, 450.00, 95, 61792
2026-08-19T01:27:40,224880815-07:00,2026/08/19 01:27:40.239, 79, 47, 449.86, 450.00, 95, 61792
2026-08-19T01:27:41,254084195-07:00,2026/08/19 01:27:41.269, 79, 47, 450.19, 450.00, 93, 61792
2026-08-19T01:27:42,283909864-07:00,2026/08/19 01:27:42.296, 79, 47, 450.50, 450.00, 93, 61792
2026-08-19T01:27:43,310588739-07:00,2026/08/19 01:27:43.325, 79, 47, 449.83, 450.00, 93, 61792
2026-08-19T01:27:44,339367448-07:00,2026/08/19 01:27:44.354, 79, 47, 449.98, 450.00, 95, 61792
2026-08-19T01:27:45,368045321-07:00,2026/08/19 01:27:45.383, 79, 47, 450.12, 450.00, 94, 61792
2026-08-19T01:27:46,396767805-07:00,2026/08/19 01:27:46.411, 79, 47, 450.14, 450.00, 93, 61792
2026-08-19T01:27:47,425604347-07:00,2026/08/19 01:27:47.440, 79, 47, 449.66, 450.00, 94, 61792
2026-08-19T01:27:48,453462094-07:00,2026/08/19 01:27:48.468, 79, 47, 450.14, 450.00, 94, 61792
2026-08-19T01:27:49,479978851-07:00,2026/08/19 01:27:49.495, 79, 47, 449.77, 450.00, 92, 61792
2026-08-19T01:27:50,509087703-07:00,2026/08/19 01:27:50.524, 79, 47, 450.08, 450.00, 94, 61792
2026-08-19T01:27:51,538057815-07:00,2026/08/19 01:27:51.551, 79, 47, 450.06, 450.00, 94, 61792
2026-08-19T01:27:52,566201828-07:00,2026/08/19 01:27:52.581, 79, 47, 450.08, 450.00, 94, 61792
2026-08-19T01:27:53,594238481-07:00,2026/08/19 01:27:53.609, 78, 47, 450.30, 450.00, 93, 61792
2026-08-19T01:27:54,624895589-07:00,2026/08/19 01:27:54.639, 79, 47, 449.51, 450.00, 93, 61792
2026-08-19T01:27:55,653547072-07:00,2026/08/19 01:27:55.667, 79, 47, 449.93, 450.00, 95, 61792
2026-08-19T01:27:56,679998855-07:00,2026/08/19 01:27:56.695, 79, 47, 449.65, 450.00, 94, 61792
2026-08-19T01:27:57,709309271-07:00,2026/08/19 01:27:57.724, 79, 47, 449.91, 450.00, 94, 61792
2026-08-19T01:27:58,738945305-07:00,2026/08/19 01:27:58.754, 79, 47, 450.26, 450.00, 95, 61792
2026-08-19T01:27:59,768004125-07:00,2026/08/19 01:27:59.783, 79, 47, 449.91, 450.00, 95, 61792
2026-08-19T01:28:00,797543634-07:00,2026/08/19 01:28:00.810, 79, 47, 450.19, 450.00, 95, 61792
2026-08-19T01:28:01,822631016-07:00,2026/08/19 01:28:01.836, 79, 47, 450.27, 450.00, 95, 61792
2026-08-19T01:28:02,850502148-07:00,2026/08/19 01:28:02.862, 79, 47, 450.31, 450.00, 94, 61792
2026-08-19T01:28:03,876832197-07:00,2026/08/19 01:28:03.891, 79, 47, 450.37, 450.00, 93, 61792
2026-08-19T01:28:04,903773723-07:00,2026/08/19 01:28:04.916, 79, 47, 450.14, 450.00, 93, 61792
2026-08-19T01:28:05,929801833-07:00,2026/08/19 01:28:05.944, 79, 47, 450.49, 450.00, 94, 61792
2026-08-19T01:28:06,956048245-07:00,2026/08/19 01:28:06.971, 79, 47, 450.46, 450.00, 95, 61792
2026-08-19T01:28:07,985428658-07:00,2026/08/19 01:28:07.999, 79, 47, 449.02, 450.00, 96, 61792
2026-08-19T01:28:09,014018329-07:00,2026/08/19 01:28:09.029, 79, 47, 450.39, 450.00, 96, 61792
2026-08-19T01:28:10,040648367-07:00,2026/08/19 01:28:10.055, 79, 47, 449.95, 450.00, 95, 61792
2026-08-19T01:28:11,070041919-07:00,2026/08/19 01:28:11.084, 79, 48, 450.02, 450.00, 94, 61792
2026-08-19T01:28:12,099253303-07:00,2026/08/19 01:28:12.114, 79, 48, 450.39, 450.00, 94, 61792
2026-08-19T01:28:13,126794661-07:00,2026/08/19 01:28:13.142, 79, 48, 450.36, 450.00, 96, 61792
2026-08-19T01:28:14,156516130-07:00,2026/08/19 01:28:14.170, 79, 48, 449.84, 450.00, 95, 61792
2026-08-19T01:28:15,186716138-07:00,2026/08/19 01:28:15.201, 79, 48, 449.65, 450.00, 94, 61792
2026-08-19T01:28:16,215257290-07:00,2026/08/19 01:28:16.230, 79, 48, 450.64, 450.00, 95, 61792
2026-08-19T01:28:17,243690144-07:00,2026/08/19 01:28:17.257, 79, 48, 450.30, 450.00, 95, 61792
2026-08-19T01:28:18,271677217-07:00,2026/08/19 01:28:18.285, 80, 48, 342.90, 450.00, 100, 61792
2026-08-19T01:28:19,296620984-07:00,2026/08/19 01:28:19.311, 79, 48, 439.20, 450.00, 93, 61792
2026-08-19T01:28:20,329819495-07:00,2026/08/19 01:28:20.343, 79, 48, 448.91, 450.00, 93, 61792
2026-08-19T01:28:21,358259432-07:00,2026/08/19 01:28:21.373, 79, 48, 450.17, 450.00, 97, 61792
2026-08-19T01:28:22,387189464-07:00,2026/08/19 01:28:22.402, 79, 48, 450.05, 450.00, 96, 61792
2026-08-19T01:28:23,417106123-07:00,2026/08/19 01:28:23.431, 79, 48, 449.50, 450.00, 94, 61792
2026-08-19T01:28:24,445418893-07:00,2026/08/19 01:28:24.460, 79, 48, 450.09, 450.00, 94, 61792
2026-08-19T01:28:25,474055717-07:00,2026/08/19 01:28:25.486, 79, 48, 450.30, 450.00, 95, 61792
2026-08-19T01:28:26,498499683-07:00,2026/08/19 01:28:26.513, 79, 48, 449.48, 450.00, 93, 61792
2026-08-19T01:28:27,527576484-07:00,2026/08/19 01:28:27.542, 79, 48, 450.53, 450.00, 93, 61792
2026-08-19T01:28:28,555762307-07:00,2026/08/19 01:28:28.568, 79, 48, 449.61, 450.00, 96, 61792
2026-08-19T01:28:29,581387043-07:00,2026/08/19 01:28:29.596, 79, 48, 450.05, 450.00, 94, 61792
2026-08-19T01:28:30,610966300-07:00,2026/08/19 01:28:30.623, 79, 48, 449.86, 450.00, 93, 61792
2026-08-19T01:28:31,638226347-07:00,2026/08/19 01:28:31.651, 79, 48, 449.93, 450.00, 90, 61792
2026-08-19T01:28:32,664789716-07:00,2026/08/19 01:28:32.678, 79, 48, 450.27, 450.00, 96, 61792
2026-08-19T01:28:33,692082919-07:00,2026/08/19 01:28:33.704, 79, 48, 450.13, 450.00, 94, 61792
2026-08-19T01:28:34,717422975-07:00,2026/08/19 01:28:34.732, 79, 48, 449.92, 450.00, 94, 61792
2026-08-19T01:28:35,746420477-07:00,2026/08/19 01:28:35.759, 79, 48, 449.82, 450.00, 96, 61792
2026-08-19T01:28:36,773652516-07:00,2026/08/19 01:28:36.788, 79, 48, 450.32, 450.00, 94, 61792
2026-08-19T01:28:37,802438205-07:00,2026/08/19 01:28:37.815, 79, 48, 449.53, 450.00, 94, 61792
2026-08-19T01:28:38,829221536-07:00,2026/08/19 01:28:38.844, 79, 48, 449.73, 450.00, 95, 61792
2026-08-19T01:28:39,858020611-07:00,2026/08/19 01:28:39.873, 79, 48, 450.49, 450.00, 94, 61792
2026-08-19T01:28:40,887693729-07:00,2026/08/19 01:28:40.902, 80, 48, 449.99, 450.00, 93, 61792
2026-08-19T01:28:41,916608904-07:00,2026/08/19 01:28:41.931, 79, 48, 449.48, 450.00, 94, 61792
2026-08-19T01:28:42,948942475-07:00,2026/08/19 01:28:42.964, 79, 48, 449.63, 450.00, 93, 61792
2026-08-19T01:28:43,979426582-07:00,2026/08/19 01:28:43.994, 80, 48, 450.31, 450.00, 96, 61792
2026-08-19T01:28:45,008982567-07:00,2026/08/19 01:28:45.024, 79, 48, 449.58, 450.00, 94, 61792
2026-08-19T01:28:46,041527149-07:00,2026/08/19 01:28:46.054, 79, 48, 450.27, 450.00, 94, 61792
2026-08-19T01:28:47,066927678-07:00,2026/08/19 01:28:47.079, 80, 48, 449.64, 450.00, 95, 61792
2026-08-19T01:28:48,092956799-07:00,2026/08/19 01:28:48.108, 79, 48, 450.10, 450.00, 94, 61792
2026-08-19T01:28:49,122078737-07:00,2026/08/19 01:28:49.136, 80, 48, 450.40, 450.00, 94, 61792
2026-08-19T01:28:50,150908011-07:00,2026/08/19 01:28:50.163, 79, 48, 449.47, 450.00, 94, 61792
2026-08-19T01:28:51,175142374-07:00,2026/08/19 01:28:51.190, 79, 48, 449.69, 450.00, 94, 61792
2026-08-19T01:28:52,204503742-07:00,2026/08/19 01:28:52.217, 80, 48, 450.04, 450.00, 96, 61792
2026-08-19T01:28:53,231408364-07:00,2026/08/19 01:28:53.244, 80, 48, 450.25, 450.00, 94, 61792
2026-08-19T01:28:54,255898620-07:00,2026/08/19 01:28:54.269, 79, 48, 449.83, 450.00, 94, 61792
2026-08-19T01:28:55,283074994-07:00,2026/08/19 01:28:55.300, 80, 48, 449.60, 450.00, 93, 61792
2026-08-19T01:28:56,313569759-07:00,2026/08/19 01:28:56.327, 80, 48, 449.54, 450.00, 95, 61792
2026-08-19T01:28:57,340248223-07:00,2026/08/19 01:28:57.353, 80, 48, 450.45, 450.00, 94, 61792
2026-08-19T01:28:58,365463999-07:00,2026/08/19 01:28:58.379, 79, 48, 450.00, 450.00, 94, 61792
2026-08-19T01:28:59,393634849-07:00,2026/08/19 01:28:59.407, 80, 48, 450.10, 450.00, 92, 61792
2026-08-19T01:29:00,421507178-07:00,2026/08/19 01:29:00.436, 80, 48, 449.73, 450.00, 94, 61792
2026-08-19T01:29:01,449099610-07:00,2026/08/19 01:29:01.464, 80, 48, 450.14, 450.00, 95, 61792
2026-08-19T01:29:02,478849434-07:00,2026/08/19 01:29:02.493, 80, 48, 449.59, 450.00, 94, 61792
2026-08-19T01:29:03,509487024-07:00,2026/08/19 01:29:03.522, 80, 48, 449.93, 450.00, 96, 61792
2026-08-19T01:29:04,536381949-07:00,2026/08/19 01:29:04.551, 80, 48, 450.53, 450.00, 93, 61792
2026-08-19T01:29:05,564968474-07:00,2026/08/19 01:29:05.579, 76, 48, 331.67, 450.00, 23, 61792
2026-08-19T01:29:06,591103046-07:00,2026/08/19 01:29:06.606, 80, 48, 453.20, 450.00, 93, 61792
2026-08-19T01:29:07,620363631-07:00,2026/08/19 01:29:07.634, 79, 48, 450.34, 450.00, 95, 61792
2026-08-19T01:29:08,651383646-07:00,2026/08/19 01:29:08.665, 80, 48, 449.65, 450.00, 95, 61792
2026-08-19T01:29:09,677457470-07:00,2026/08/19 01:29:09.689, 79, 48, 449.94, 450.00, 95, 61792
2026-08-19T01:29:10,706202935-07:00,2026/08/19 01:29:10.719, 80, 48, 449.67, 450.00, 94, 61792
2026-08-19T01:29:11,733687229-07:00,2026/08/19 01:29:11.748, 79, 48, 450.22, 450.00, 94, 61792
2026-08-19T01:29:12,762451929-07:00,2026/08/19 01:29:12.777, 80, 48, 449.68, 450.00, 94, 61792
2026-08-19T01:29:13,788703131-07:00,2026/08/19 01:29:13.803, 80, 48, 449.53, 450.00, 94, 61792
2026-08-19T01:29:14,816016380-07:00,2026/08/19 01:29:14.831, 80, 48, 450.14, 450.00, 94, 61792
2026-08-19T01:29:15,845970412-07:00,2026/08/19 01:29:15.861, 80, 48, 449.60, 450.00, 96, 61792
2026-08-19T01:29:16,874534851-07:00,2026/08/19 01:29:16.889, 80, 48, 450.00, 450.00, 94, 61792
2026-08-19T01:29:17,903163423-07:00,2026/08/19 01:29:17.915, 80, 48, 450.32, 450.00, 96, 61792
2026-08-19T01:29:18,928828809-07:00,2026/08/19 01:29:18.944, 80, 48, 449.67, 450.00, 94, 61792
2026-08-19T01:29:19,958674462-07:00,2026/08/19 01:29:19.973, 80, 48, 449.94, 450.00, 93, 61792
2026-08-19T01:29:20,987746912-07:00,2026/08/19 01:29:21.002, 80, 48, 449.66, 450.00, 95, 61792
2026-08-19T01:29:22,016497415-07:00,2026/08/19 01:29:22.029, 80, 48, 450.71, 450.00, 94, 61792
2026-08-19T01:29:23,043752288-07:00,2026/08/19 01:29:23.056, 80, 48, 449.99, 450.00, 96, 61792
2026-08-19T01:29:24,071207688-07:00,2026/08/19 01:29:24.086, 80, 48, 450.23, 450.00, 93, 61792
2026-08-19T01:29:25,100629750-07:00,2026/08/19 01:29:25.115, 80, 48, 450.49, 450.00, 94, 61792
2026-08-19T01:29:26,129699790-07:00,2026/08/19 01:29:26.144, 80, 48, 450.25, 450.00, 95, 61792
2026-08-19T01:29:27,159501791-07:00,2026/08/19 01:29:27.174, 80, 48, 449.95, 450.00, 94, 61792
2026-08-19T01:29:28,187235729-07:00,2026/08/19 01:29:28.202, 80, 48, 449.89, 450.00, 93, 61792
2026-08-19T01:29:29,213927189-07:00,2026/08/19 01:29:29.229, 80, 48, 449.94, 450.00, 96, 61792
2026-08-19T01:29:30,241972652-07:00,2026/08/19 01:29:30.254, 80, 48, 449.91, 450.00, 94, 61792
2026-08-19T01:29:31,266738679-07:00,2026/08/19 01:29:31.280, 80, 48, 340.65, 450.00, 85, 61792
2026-08-19T01:29:32,295044215-07:00,2026/08/19 01:29:32.310, 80, 48, 450.44, 450.00, 94, 61792
2026-08-19T01:29:33,325471236-07:00,2026/08/19 01:29:33.339, 80, 48, 449.82, 450.00, 94, 61792
2026-08-19T01:29:34,353442151-07:00,2026/08/19 01:29:34.368, 80, 48, 450.01, 450.00, 96, 61792
2026-08-19T01:29:35,382343257-07:00,2026/08/19 01:29:35.396, 80, 48, 449.70, 450.00, 93, 61792
2026-08-19T01:29:36,409805105-07:00,2026/08/19 01:29:36.422, 80, 48, 449.36, 450.00, 93, 61792
2026-08-19T01:29:37,436788191-07:00,2026/08/19 01:29:37.451, 80, 48, 450.04, 450.00, 93, 61792
2026-08-19T01:29:38,466167030-07:00,2026/08/19 01:29:38.480, 75, 48, 338.47, 450.00, 0, 61792
2026-08-19T01:29:39,495821354-07:00,2026/08/19 01:29:39.510, 80, 48, 456.76, 450.00, 94, 61792
2026-08-19T01:29:40,524697985-07:00,2026/08/19 01:29:40.542, 80, 48, 352.62, 450.00, 95, 61792
2026-08-19T01:29:41,558341608-07:00,2026/08/19 01:29:41.576, 73, 48, 155.78, 450.00, 0, 61792
2026-08-19T01:29:42,587636210-07:00,2026/08/19 01:29:42.602, 78, 48, 275.06, 450.00, 78, 61792
2026-08-19T01:29:43,617438621-07:00,2026/08/19 01:29:43.632, 79, 48, 450.25, 450.00, 95, 61792
2026-08-19T01:29:44,646622925-07:00,2026/08/19 01:29:44.662, 79, 48, 450.09, 450.00, 94, 61792
2026-08-19T01:29:45,675494167-07:00,2026/08/19 01:29:45.689, 79, 48, 449.81, 450.00, 95, 61792
2026-08-19T01:29:46,702340947-07:00,2026/08/19 01:29:46.716, 79, 48, 449.52, 450.00, 93, 61792
2026-08-19T01:29:47,729727698-07:00,2026/08/19 01:29:47.744, 79, 48, 451.18, 450.00, 94, 61792
2026-08-19T01:29:48,755834518-07:00,2026/08/19 01:29:48.769, 79, 48, 449.92, 450.00, 96, 61792
2026-08-19T01:29:49,783109244-07:00,2026/08/19 01:29:49.798, 79, 48, 450.40, 450.00, 94, 61792
2026-08-19T01:29:50,810511120-07:00,2026/08/19 01:29:50.823, 79, 48, 449.84, 450.00, 94, 61792
2026-08-19T01:29:51,836115086-07:00,2026/08/19 01:29:51.851, 79, 48, 450.08, 450.00, 96, 61792
2026-08-19T01:29:52,864978067-07:00,2026/08/19 01:29:52.879, 79, 48, 449.33, 450.00, 94, 61792
2026-08-19T01:29:53,891485523-07:00,2026/08/19 01:29:53.906, 79, 48, 450.36, 450.00, 93, 61792
2026-08-19T01:29:54,920516645-07:00,2026/08/19 01:29:54.935, 79, 48, 450.66, 450.00, 93, 61792
2026-08-19T01:29:55,949096921-07:00,2026/08/19 01:29:55.964, 80, 48, 449.53, 450.00, 93, 61792
2026-08-19T01:29:56,978327507-07:00,2026/08/19 01:29:56.991, 79, 48, 449.79, 450.00, 95, 61792
2026-08-19T01:29:58,006610372-07:00,2026/08/19 01:29:58.021, 79, 48, 449.95, 450.00, 95, 61792
2026-08-19T01:29:59,036198867-07:00,2026/08/19 01:29:59.051, 80, 48, 450.29, 450.00, 94, 61792
2026-08-19T01:30:00,066508466-07:00,2026/08/19 01:30:00.081, 79, 48, 449.57, 450.00, 87, 61792
2026-08-19T01:30:01,096367507-07:00,2026/08/19 01:30:01.111, 80, 48, 450.46, 450.00, 93, 61792
2026-08-19T01:30:02,125033840-07:00,2026/08/19 01:30:02.138, 79, 48, 450.10, 450.00, 94, 61792
2026-08-19T01:30:03,154682848-07:00,2026/08/19 01:30:03.169, 80, 48, 450.15, 450.00, 94, 61792
2026-08-19T01:30:04,184515310-07:00,2026/08/19 01:30:04.197, 80, 48, 449.65, 450.00, 95, 61792
2026-08-19T01:30:05,212401651-07:00,2026/08/19 01:30:05.227, 79, 48, 449.85, 450.00, 94, 61792
2026-08-19T01:30:06,241488376-07:00,2026/08/19 01:30:06.256, 80, 48, 449.99, 450.00, 96, 61792
2026-08-19T01:30:07,270358568-07:00,2026/08/19 01:30:07.284, 80, 48, 449.99, 450.00, 95, 61792
2026-08-19T01:30:08,300904640-07:00,2026/08/19 01:30:08.324, 80, 48, 423.82, 450.00, 95, 61792
2026-08-19T01:30:09,338270672-07:00,2026/08/19 01:30:09.358, 74, 48, 172.38, 450.00, 0, 61792
2026-08-19T01:30:10,373591692-07:00,2026/08/19 01:30:10.396, 74, 48, 133.65, 450.00, 0, 61792
2026-08-19T01:30:11,410023620-07:00,2026/08/19 01:30:11.437, 72, 48, 117.62, 450.00, 0, 61792
2026-08-19T01:30:12,451890463-07:00,2026/08/19 01:30:12.473, 72, 48, 115.30, 450.00, 0, 61792
2026-08-19T01:30:13,487199704-07:00,2026/08/19 01:30:13.514, 71, 48, 114.42, 450.00, 0, 61792
2026-08-19T01:30:14,530481900-07:00,2026/08/19 01:30:14.550, 71, 48, 113.89, 450.00, 0, 61792
2026-08-19T01:30:15,563152644-07:00,2026/08/19 01:30:15.580, 71, 48, 112.88, 450.00, 0, 61792
2026-08-19T01:30:16,592982691-07:00,2026/08/19 01:30:16.619, 70, 48, 112.67, 450.00, 0, 61792
2026-08-19T01:30:17,630952004-07:00,2026/08/19 01:30:17.649, 69, 48, 112.07, 450.00, 0, 61792
2026-08-19T01:30:18,663507274-07:00,2026/08/19 01:30:18.684, 69, 48, 112.57, 450.00, 0, 61792
2026-08-19T01:30:19,700264437-07:00,2026/08/19 01:30:19.728, 69, 48, 111.94, 450.00, 0, 61792
2026-08-19T01:30:20,743768441-07:00,2026/08/19 01:30:20.762, 68, 48, 111.81, 450.00, 0, 61792
2026-08-19T01:30:21,773515275-07:00,2026/08/19 01:30:21.792, 68, 48, 111.70, 450.00, 0, 61792
2026-08-19T01:30:22,801040758-07:00,2026/08/19 01:30:22.815, 68, 48, 111.66, 450.00, 0, 61792
2026-08-19T01:30:23,829751804-07:00,2026/08/19 01:30:23.848, 68, 48, 111.56, 450.00, 0, 61792
2026-08-19T01:30:24,866214633-07:00,2026/08/19 01:30:24.885, 67, 48, 106.87, 450.00, 0, 61792
2026-08-19T01:30:25,899287278-07:00,2026/08/19 01:30:25.918, 66, 48, 77.56, 450.00, 0, 61792
2026-08-19T01:30:26,935564744-07:00,2026/08/19 01:30:26.955, 66, 48, 72.06, 450.00, 0, 61792
2026-08-19T01:30:27,966551109-07:00,2026/08/19 01:30:27.982, 66, 47, 53.56, 450.00, 0, 61792
2026-08-19T01:30:28,994382509-07:00,2026/08/19 01:30:29.009, 65, 47, 160.36, 450.00, 54, 61792
2026-08-19T01:30:30,023747075-07:00,2026/08/19 01:30:30.038, 73, 47, 454.81, 450.00, 95, 61792
2026-08-19T01:30:31,053564420-07:00,2026/08/19 01:30:31.068, 74, 47, 449.56, 450.00, 94, 61792
2026-08-19T01:30:32,082437918-07:00,2026/08/19 01:30:32.097, 74, 46, 450.03, 450.00, 94, 61792
2026-08-19T01:30:33,111536582-07:00,2026/08/19 01:30:33.124, 74, 46, 449.84, 450.00, 92, 61792
2026-08-19T01:30:34,139847985-07:00,2026/08/19 01:30:34.153, 75, 46, 449.79, 450.00, 93, 61792
2026-08-19T01:30:35,167779947-07:00,2026/08/19 01:30:35.179, 69, 46, 348.35, 450.00, 1, 61792
2026-08-19T01:30:36,191755528-07:00,2026/08/19 01:30:36.206, 75, 46, 449.83, 450.00, 95, 61792
2026-08-19T01:30:37,220285119-07:00,2026/08/19 01:30:37.235, 75, 46, 450.67, 450.00, 93, 61792
2026-08-19T01:30:38,249806445-07:00,2026/08/19 01:30:38.264, 75, 46, 449.01, 450.00, 95, 61792
2026-08-19T01:30:39,277866426-07:00,2026/08/19 01:30:39.290, 75, 46, 450.09, 450.00, 94, 61792
2026-08-19T01:30:40,302758977-07:00,2026/08/19 01:30:40.317, 75, 46, 450.60, 450.00, 95, 61792
2026-08-19T01:30:41,331804177-07:00,2026/08/19 01:30:41.345, 75, 46, 449.93, 450.00, 94, 61792
2026-08-19T01:30:42,360548297-07:00,2026/08/19 01:30:42.374, 76, 46, 450.36, 450.00, 94, 61792
2026-08-19T01:30:43,388056226-07:00,2026/08/19 01:30:43.402, 76, 46, 450.48, 450.00, 96, 61792
2026-08-19T01:30:44,415762156-07:00,2026/08/19 01:30:44.430, 76, 46, 449.93, 450.00, 93, 61792
2026-08-19T01:30:45,444648842-07:00,2026/08/19 01:30:45.457, 76, 46, 449.35, 450.00, 94, 61792
2026-08-19T01:30:46,471886307-07:00,2026/08/19 01:30:46.487, 76, 46, 450.42, 450.00, 96, 61792
2026-08-19T01:30:47,501531994-07:00,2026/08/19 01:30:47.514, 76, 46, 449.97, 450.00, 94, 61792
2026-08-19T01:30:48,527108625-07:00,2026/08/19 01:30:48.539, 76, 46, 449.83, 450.00, 93, 61792
2026-08-19T01:30:49,553214508-07:00,2026/08/19 01:30:49.567, 76, 46, 449.76, 450.00, 95, 61792
2026-08-19T01:30:50,580765777-07:00,2026/08/19 01:30:50.593, 77, 46, 450.04, 450.00, 95, 61792
2026-08-19T01:30:51,607727573-07:00,2026/08/19 01:30:51.622, 76, 46, 450.04, 450.00, 94, 61792
2026-08-19T01:30:52,636651041-07:00,2026/08/19 01:30:52.651, 77, 46, 449.92, 450.00, 93, 61792
2026-08-19T01:30:53,669183856-07:00,2026/08/19 01:30:53.684, 76, 46, 449.33, 450.00, 94, 61792
2026-08-19T01:30:54,698286680-07:00,2026/08/19 01:30:54.714, 77, 46, 448.76, 450.00, 96, 61792
2026-08-19T01:30:55,728380917-07:00,2026/08/19 01:30:55.743, 77, 46, 449.59, 450.00, 95, 61792
2026-08-19T01:30:56,758023334-07:00,2026/08/19 01:30:56.770, 77, 46, 450.28, 450.00, 92, 61792
2026-08-19T01:30:57,784503559-07:00,2026/08/19 01:30:57.797, 77, 46, 450.05, 450.00, 93, 61792
2026-08-19T01:30:58,811913934-07:00,2026/08/19 01:30:58.825, 77, 46, 450.02, 450.00, 96, 61792
2026-08-19T01:30:59,838718210-07:00,2026/08/19 01:30:59.852, 77, 46, 450.29, 450.00, 95, 61792
2026-08-19T01:31:00,866971267-07:00,2026/08/19 01:31:00.882, 77, 46, 449.97, 450.00, 95, 61792
2026-08-19T01:31:01,896118430-07:00,2026/08/19 01:31:01.910, 72, 46, 344.43, 450.00, 4, 61792
2026-08-19T01:31:02,924089354-07:00,2026/08/19 01:31:02.939, 77, 46, 458.06, 450.00, 94, 61792
2026-08-19T01:31:03,954550848-07:00,2026/08/19 01:31:03.969, 77, 46, 449.77, 450.00, 93, 61792
2026-08-19T01:31:04,982742678-07:00,2026/08/19 01:31:04.997, 78, 46, 450.39, 450.00, 93, 61792
2026-08-19T01:31:06,011359990-07:00,2026/08/19 01:31:06.024, 78, 46, 450.25, 450.00, 93, 61792
2026-08-19T01:31:07,038028633-07:00,2026/08/19 01:31:07.051, 77, 46, 450.08, 450.00, 95, 61792
2026-08-19T01:31:08,063733338-07:00,2026/08/19 01:31:08.076, 78, 46, 449.64, 450.00, 96, 61792
2026-08-19T01:31:09,088213140-07:00,2026/08/19 01:31:09.100, 78, 46, 450.22, 450.00, 95, 61792
2026-08-19T01:31:10,115129869-07:00,2026/08/19 01:31:10.130, 78, 46, 450.40, 450.00, 96, 61792
2026-08-19T01:31:11,145565108-07:00,2026/08/19 01:31:11.160, 78, 46, 450.45, 450.00, 94, 61792
2026-08-19T01:31:12,176788332-07:00,2026/08/19 01:31:12.190, 78, 46, 449.87, 450.00, 93, 61792
2026-08-19T01:31:13,204967308-07:00,2026/08/19 01:31:13.218, 78, 46, 450.29, 450.00, 94, 61792
2026-08-19T01:31:14,231261659-07:00,2026/08/19 01:31:14.244, 78, 46, 450.14, 450.00, 93, 61792
2026-08-19T01:31:15,256694585-07:00,2026/08/19 01:31:15.270, 78, 46, 449.88, 450.00, 93, 61792
2026-08-19T01:31:16,284459205-07:00,2026/08/19 01:31:16.299, 78, 47, 450.07, 450.00, 93, 61792
2026-08-19T01:31:17,314401854-07:00,2026/08/19 01:31:17.328, 78, 47, 450.31, 450.00, 94, 61792
2026-08-19T01:31:18,341541668-07:00,2026/08/19 01:31:18.356, 78, 47, 449.78, 450.00, 94, 61792
2026-08-19T01:31:19,367953668-07:00,2026/08/19 01:31:19.381, 78, 47, 449.92, 450.00, 94, 61792
2026-08-19T01:31:20,394986788-07:00,2026/08/19 01:31:20.410, 78, 47, 449.50, 450.00, 93, 61792
2026-08-19T01:31:21,423646554-07:00,2026/08/19 01:31:21.438, 79, 47, 450.36, 450.00, 93, 61792
2026-08-19T01:31:22,449589841-07:00,2026/08/19 01:31:22.463, 79, 47, 450.02, 450.00, 92, 61792
2026-08-19T01:31:23,476495326-07:00,2026/08/19 01:31:23.490, 79, 47, 450.15, 450.00, 93, 61792
2026-08-19T01:31:24,505316925-07:00,2026/08/19 01:31:24.520, 78, 47, 449.35, 450.00, 90, 61792
2026-08-19T01:31:25,535067985-07:00,2026/08/19 01:31:25.550, 79, 47, 449.83, 450.00, 93, 61792
2026-08-19T01:31:26,564656650-07:00,2026/08/19 01:31:26.577, 79, 47, 449.67, 450.00, 94, 61792
2026-08-19T01:31:27,591737009-07:00,2026/08/19 01:31:27.607, 79, 47, 450.26, 450.00, 94, 61792
2026-08-19T01:31:28,618690983-07:00,2026/08/19 01:31:28.633, 79, 47, 449.99, 450.00, 95, 61792
2026-08-19T01:31:29,647560909-07:00,2026/08/19 01:31:29.662, 79, 47, 450.05, 450.00, 96, 61792
2026-08-19T01:31:30,675937906-07:00,2026/08/19 01:31:30.690, 79, 47, 449.57, 450.00, 94, 61792
2026-08-19T01:31:31,705099236-07:00,2026/08/19 01:31:31.719, 79, 47, 450.02, 450.00, 93, 61792
2026-08-19T01:31:32,733404792-07:00,2026/08/19 01:31:32.748, 79, 47, 450.59, 450.00, 94, 61792
2026-08-19T01:31:33,759843233-07:00,2026/08/19 01:31:33.772, 79, 47, 450.27, 450.00, 94, 61792
2026-08-19T01:31:34,786606690-07:00,2026/08/19 01:31:34.798, 79, 47, 450.29, 450.00, 93, 61792
2026-08-19T01:31:35,812247680-07:00,2026/08/19 01:31:35.825, 79, 47, 450.21, 450.00, 94, 61792
2026-08-19T01:31:36,840485046-07:00,2026/08/19 01:31:36.856, 79, 47, 449.76, 450.00, 93, 61792
2026-08-19T01:31:37,870727420-07:00,2026/08/19 01:31:37.884, 79, 47, 450.36, 450.00, 96, 61792
2026-08-19T01:31:38,896835890-07:00,2026/08/19 01:31:38.911, 79, 47, 449.69, 450.00, 96, 61792
2026-08-19T01:31:39,925627096-07:00,2026/08/19 01:31:39.940, 79, 47, 449.33, 450.00, 91, 61792
2026-08-19T01:31:40,954808360-07:00,2026/08/19 01:31:40.970, 79, 47, 450.24, 450.00, 94, 61792
2026-08-19T01:31:41,983742062-07:00,2026/08/19 01:31:41.996, 79, 47, 450.19, 450.00, 94, 61792
2026-08-19T01:31:43,010915101-07:00,2026/08/19 01:31:43.025, 79, 47, 449.89, 450.00, 94, 61792
2026-08-19T01:31:44,038438602-07:00,2026/08/19 01:31:44.053, 79, 47, 449.39, 450.00, 94, 61792
2026-08-19T01:31:45,067311022-07:00,2026/08/19 01:31:45.081, 79, 47, 450.32, 450.00, 96, 61792
2026-08-19T01:31:46,093646644-07:00,2026/08/19 01:31:46.108, 79, 47, 449.77, 450.00, 95, 61792
2026-08-19T01:31:47,122466057-07:00,2026/08/19 01:31:47.136, 79, 47, 450.07, 450.00, 93, 61792
2026-08-19T01:31:48,150648595-07:00,2026/08/19 01:31:48.163, 79, 47, 449.58, 450.00, 94, 61792
2026-08-19T01:31:49,177967711-07:00,2026/08/19 01:31:49.192, 79, 47, 450.39, 450.00, 96, 61792
2026-08-19T01:31:50,205866576-07:00,2026/08/19 01:31:50.220, 79, 48, 449.82, 450.00, 95, 61792
2026-08-19T01:31:51,235543757-07:00,2026/08/19 01:31:51.250, 80, 48, 450.32, 450.00, 93, 61792
2026-08-19T01:31:52,263759097-07:00,2026/08/19 01:31:52.278, 80, 48, 449.73, 450.00, 94, 61792
2026-08-19T01:31:53,292631031-07:00,2026/08/19 01:31:53.307, 74, 48, 332.34, 450.00, 22, 61920
2026-08-19T01:31:54,318940015-07:00,2026/08/19 01:31:54.333, 79, 48, 440.90, 450.00, 92, 61920
2026-08-19T01:31:55,347204499-07:00,2026/08/19 01:31:55.362, 79, 48, 450.52, 450.00, 93, 61920
2026-08-19T01:31:56,374808363-07:00,2026/08/19 01:31:56.390, 79, 48, 449.35, 450.00, 91, 61920
2026-08-19T01:31:57,404838962-07:00,2026/08/19 01:31:57.419, 79, 48, 450.24, 450.00, 96, 61920
2026-08-19T01:31:58,431670001-07:00,2026/08/19 01:31:58.447, 79, 48, 449.71, 450.00, 95, 61920
2026-08-19T01:31:59,461802179-07:00,2026/08/19 01:31:59.475, 79, 48, 449.64, 450.00, 92, 61920
2026-08-19T01:32:00,489790353-07:00,2026/08/19 01:32:00.503, 79, 48, 450.71, 450.00, 96, 61920
2026-08-19T01:32:01,514166144-07:00,2026/08/19 01:32:01.527, 79, 48, 450.23, 450.00, 94, 61920
2026-08-19T01:32:02,541792376-07:00,2026/08/19 01:32:02.555, 79, 48, 450.13, 450.00, 94, 61920
2026-08-19T01:32:03,569122241-07:00,2026/08/19 01:32:03.582, 79, 48, 449.91, 450.00, 95, 61920
2026-08-19T01:32:04,595114326-07:00,2026/08/19 01:32:04.610, 79, 48, 450.06, 450.00, 95, 61920
2026-08-19T01:32:05,624054926-07:00,2026/08/19 01:32:05.639, 80, 48, 449.89, 450.00, 95, 61920
2026-08-19T01:32:06,650206191-07:00,2026/08/19 01:32:06.664, 79, 48, 450.16, 450.00, 96, 61920
2026-08-19T01:32:07,679282255-07:00,2026/08/19 01:32:07.694, 79, 48, 449.96, 450.00, 95, 61920
2026-08-19T01:32:08,707675673-07:00,2026/08/19 01:32:08.722, 80, 48, 450.17, 450.00, 93, 61920
2026-08-19T01:32:09,736246412-07:00,2026/08/19 01:32:09.750, 80, 48, 449.49, 450.00, 96, 61920
2026-08-19T01:32:10,763237322-07:00,2026/08/19 01:32:10.778, 75, 48, 341.63, 450.00, 0, 61920
2026-08-19T01:32:11,790764255-07:00,2026/08/19 01:32:11.805, 80, 48, 444.54, 450.00, 94, 61920
2026-08-19T01:32:12,819042498-07:00,2026/08/19 01:32:12.834, 79, 48, 450.43, 450.00, 95, 61920
2026-08-19T01:32:13,848756884-07:00,2026/08/19 01:32:13.863, 80, 48, 449.45, 450.00, 93, 61920
2026-08-19T01:32:14,877739518-07:00,2026/08/19 01:32:14.890, 79, 48, 450.00, 450.00, 96, 61920
2026-08-19T01:32:15,901984516-07:00,2026/08/19 01:32:15.915, 80, 48, 450.96, 450.00, 93, 61920
2026-08-19T01:32:16,928932466-07:00,2026/08/19 01:32:16.944, 80, 48, 450.24, 450.00, 96, 61920
2026-08-19T01:32:17,958237946-07:00,2026/08/19 01:32:17.973, 79, 48, 449.66, 450.00, 96, 61920
2026-08-19T01:32:18,985823423-07:00,2026/08/19 01:32:18.997, 80, 48, 450.05, 450.00, 94, 61920
2026-08-19T01:32:20,012257916-07:00,2026/08/19 01:32:20.024, 80, 48, 450.35, 450.00, 96, 61920
2026-08-19T01:32:21,039265778-07:00,2026/08/19 01:32:21.052, 80, 48, 451.21, 450.00, 94, 61920
2026-08-19T01:32:22,065357845-07:00,2026/08/19 01:32:22.079, 80, 48, 450.00, 450.00, 95, 61920
2026-08-19T01:32:23,093112231-07:00,2026/08/19 01:32:23.108, 80, 48, 449.45, 450.00, 93, 61920
2026-08-19T01:32:24,122754738-07:00,2026/08/19 01:32:24.135, 79, 48, 450.43, 450.00, 94, 61920
2026-08-19T01:32:25,150099990-07:00,2026/08/19 01:32:25.164, 80, 48, 450.10, 450.00, 94, 61920
2026-08-19T01:32:26,181136756-07:00,2026/08/19 01:32:26.195, 80, 48, 450.41, 450.00, 96, 61920
2026-08-19T01:32:27,207822397-07:00,2026/08/19 01:32:27.222, 80, 48, 450.45, 450.00, 94, 61920
2026-08-19T01:32:28,236560750-07:00,2026/08/19 01:32:28.252, 80, 48, 450.02, 450.00, 96, 61920
2026-08-19T01:32:29,265638980-07:00,2026/08/19 01:32:29.279, 80, 48, 450.15, 450.00, 91, 61920
2026-08-19T01:32:30,292385637-07:00,2026/08/19 01:32:30.307, 80, 48, 450.72, 450.00, 94, 61920
2026-08-19T01:32:31,321040106-07:00,2026/08/19 01:32:31.335, 80, 48, 450.31, 450.00, 94, 61920
2026-08-19T01:32:32,350408468-07:00,2026/08/19 01:32:32.365, 80, 48, 450.37, 450.00, 94, 61920
2026-08-19T01:32:33,379996408-07:00,2026/08/19 01:32:33.392, 80, 48, 449.43, 450.00, 93, 61920
2026-08-19T01:32:34,407107130-07:00,2026/08/19 01:32:34.421, 80, 48, 449.72, 450.00, 95, 61920
2026-08-19T01:32:35,434795563-07:00,2026/08/19 01:32:35.449, 79, 48, 449.90, 450.00, 94, 61920
2026-08-19T01:32:36,463777079-07:00,2026/08/19 01:32:36.478, 80, 48, 450.02, 450.00, 92, 61920
2026-08-19T01:32:37,493405055-07:00,2026/08/19 01:32:37.508, 79, 48, 449.89, 450.00, 94, 61920
2026-08-19T01:32:38,521765581-07:00,2026/08/19 01:32:38.536, 80, 48, 450.05, 450.00, 95, 61920
2026-08-19T01:32:39,552603142-07:00,2026/08/19 01:32:39.579, 80, 48, 428.46, 450.00, 92, 61920
2026-08-19T01:32:40,590302301-07:00,2026/08/19 01:32:40.603, 74, 48, 174.55, 450.00, 0, 61920
2026-08-19T01:32:41,614432676-07:00,2026/08/19 01:32:41.634, 73, 48, 132.38, 450.00, 0, 61920
2026-08-19T01:32:42,645199661-07:00,2026/08/19 01:32:42.673, 73, 48, 129.62, 450.00, 0, 61920
2026-08-19T01:32:43,687964454-07:00,2026/08/19 01:32:43.707, 72, 48, 116.91, 450.00, 0, 61920
2026-08-19T01:32:44,718539951-07:00,2026/08/19 01:32:44.746, 72, 48, 115.39, 450.00, 0, 61920
2026-08-19T01:32:45,760902744-07:00,2026/08/19 01:32:45.775, 71, 48, 114.99, 450.00, 0, 61920
2026-08-19T01:32:46,786199115-07:00,2026/08/19 01:32:46.815, 71, 48, 114.31, 450.00, 0, 61920
2026-08-19T01:32:47,832600132-07:00,2026/08/19 01:32:47.852, 70, 48, 113.50, 450.00, 0, 61920
2026-08-19T01:32:48,863984764-07:00,2026/08/19 01:32:48.889, 70, 48, 113.26, 450.00, 0, 61920
2026-08-19T01:32:49,903526266-07:00,2026/08/19 01:32:49.922, 70, 48, 113.53, 450.00, 0, 61920
2026-08-19T01:32:50,936000158-07:00,2026/08/19 01:32:50.951, 69, 48, 112.50, 450.00, 0, 61920
2026-08-19T01:32:51,964506314-07:00,2026/08/19 01:32:51.983, 69, 48, 112.26, 450.00, 0, 61920
2026-08-19T01:32:52,999373999-07:00,2026/08/19 01:32:53.018, 69, 48, 111.80, 450.00, 0, 61920
2026-08-19T01:32:54,030514121-07:00,2026/08/19 01:32:54.053, 69, 48, 111.77, 450.00, 0, 61920
2026-08-19T01:32:55,066410947-07:00,2026/08/19 01:32:55.087, 68, 48, 111.75, 450.00, 0, 61920
2026-08-19T01:32:56,099114321-07:00,2026/08/19 01:32:56.113, 68, 48, 97.16, 450.00, 0, 61920
2026-08-19T01:32:57,123581576-07:00,2026/08/19 01:32:57.142, 67, 48, 95.23, 450.00, 0, 61920
2026-08-19T01:32:58,153880225-07:00,2026/08/19 01:32:58.180, 66, 48, 72.70, 450.00, 0, 61920
2026-08-19T01:32:59,194039926-07:00,2026/08/19 01:32:59.215, 66, 48, 55.96, 450.00, 0, 61920
2026-08-19T01:33:00,229259705-07:00,2026/08/19 01:33:00.251, 65, 47, 41.46, 450.00, 0, 61920
2026-08-19T01:33:01,274343560-07:00,2026/08/19 01:33:01.292, 65, 47, 38.56, 450.00, 0, 61920
2026-08-19T01:33:02,308661818-07:00,2026/08/19 01:33:02.329, 65, 47, 37.15, 450.00, 0, 61920
2026-08-19T01:33:03,347082086-07:00,2026/08/19 01:33:03.368, 64, 47, 42.52, 450.00, 0, 61920
2026-08-19T01:33:04,387530629-07:00,2026/08/19 01:33:04.414, 64, 46, 34.16, 450.00, 0, 61920
2026-08-19T01:33:05,441110859-07:00,2026/08/19 01:33:05.469, 64, 46, 33.78, 450.00, 0, 61920
2026-08-19T01:33:06,495190502-07:00,2026/08/19 01:33:06.514, 63, 46, 33.43, 450.00, 0, 61920
2026-08-19T01:33:07,542227500-07:00,2026/08/19 01:33:07.567, 63, 45, 34.31, 450.00, 0, 61920
2026-08-19T01:33:08,596399416-07:00,2026/08/19 01:33:08.622, 63, 45, 33.94, 450.00, 0, 61920
2026-08-19T01:33:09,648900228-07:00,2026/08/19 01:33:09.680, 62, 45, 32.42, 450.00, 0, 61920
2026-08-19T01:33:10,705982985-07:00,2026/08/19 01:33:10.732, 62, 45, 36.80, 450.00, 0, 61920
2026-08-19T01:33:11,757659673-07:00,2026/08/19 01:33:11.787, 61, 44, 31.05, 450.00, 0, 61920
2026-08-19T01:33:12,816893166-07:00,2026/08/19 01:33:12.852, 61, 44, 30.64, 450.00, 0, 61920
2026-08-19T01:33:13,880529759-07:00,2026/08/19 01:33:13.906, 61, 44, 30.11, 450.00, 0, 61920
2026-08-19T01:33:14,934119227-07:00,2026/08/19 01:33:14.969, 61, 44, 29.78, 450.00, 0, 61920
2026-08-19T01:33:15,996518650-07:00,2026/08/19 01:33:16.028, 60, 44, 30.73, 450.00, 0, 61920
2026-08-19T01:33:17,057588247-07:00,2026/08/19 01:33:17.078, 60, 43, 30.91, 450.00, 0, 61920
2026-08-19T01:33:18,100136571-07:00,2026/08/19 01:33:18.125, 60, 43, 35.15, 450.00, 0, 61920
2026-08-19T01:33:19,153808739-07:00,2026/08/19 01:33:19.179, 60, 43, 29.43, 450.00, 0, 61920
2026-08-19T01:33:20,212382099-07:00,2026/08/19 01:33:20.244, 59, 43, 29.72, 450.00, 0, 61920
2026-08-19T01:33:21,271874586-07:00,2026/08/19 01:33:21.304, 59, 43, 29.69, 450.00, 0, 61920
2026-08-19T01:33:22,331491885-07:00,2026/08/19 01:33:22.356, 59, 43, 29.28, 450.00, 0, 61920
2026-08-19T01:33:23,385267935-07:00,2026/08/19 01:33:23.418, 59, 42, 29.23, 450.00, 0, 61920
2026-08-19T01:33:24,445326794-07:00,2026/08/19 01:33:24.473, 59, 42, 31.22, 450.00, 0, 61920
2026-08-19T01:33:25,494405397-07:00,2026/08/19 01:33:25.522, 58, 42, 35.11, 450.00, 0, 61920
2026-08-19T01:33:26,549122091-07:00,2026/08/19 01:33:26.574, 58, 42, 29.38, 450.00, 0, 61920
2026-08-19T01:33:27,602645093-07:00,2026/08/19 01:33:27.635, 58, 42, 29.09, 450.00, 0, 61920
